Name,Sequence
UniRef50_A0QYG2,EGAVSGVEGLPSGSAL
UniRef50_Q9FKB0,ELIDRCIGSKIWVIMKGDKELVGILKG
UniRef50_P33768,QNIQDRIKMYIKKEEEEPTNFKNPF
UniRef50_O42888,GEGITPANIAISWAVKRGTSVLPKSVNESRIVS
UniRef50_P51657,GCSSGIGLHLAVRLASDRSQSFKVYATLRDLKSQGPLLEAARA
UniRef50_B2UQS1,PCVVVDFGTAVTFDVI
UniRef50_P97447,CSKKLAGQRFTAVEDQYYCVDCYKNFV
UniRef50_A4X378,RTLVIGCDSVLEFDGQIFGKPADSADAIHRWERMRGRSGVLHSGHCLVDVTAGRRAEAVASTTVHFAAVSDDEIATYVATGEPLV
UniRef50_P58711,PGQTELLAQKSGVERFG
UniRef50_Q39199,FGEGVSKLGCVLDCAEIME
UniRef50_Q81NT6,GQEYNFDYVFQNKIGEFVEG
UniRef50_Q07084,KADLKGKDGNSSPQEFKLITDEEQLRRASQELKDEEKDAESPWQAILLLPKGYKGGVDFRNKPVAHTDSSFNN
UniRef50_Q8ZUG2,WIDEAGNVIAVKGSGGPV
UniRef50_Q8ZWK6,IIRIDINSPIVNGKIIDDF
UniRef50_Q8MUF9,WTKNPQYSFTLTKKSR
UniRef50_A8EYY5,KLASIINEVLIEILRRGKMLDIRLFNCPLAITKVIVTADLKIANCYFLPFNTKLTIDD
UniRef50_O96876,GQLPKNDVGGCMT
UniRef50_B0S4Q5,KPVKPIKAKSQYQPPEEKVVHETSYK
UniRef50_O76373,MIIEELDKPERSA
UniRef50_Q9CC14,TADIDITVDLRIGDSAATIRTTDLSHTYVEENSAY
UniRef50_O95391,KVKKEDFKEQQKESILEKYGGQEHLDAPPAELLLAQ
UniRef50_E7FDB3,DSPPCPCVMGEGDSGGHLDSCCCPPPASISILDLKERFSILS
UniRef50_A1A3X4,ERHILNSAAIVPFIREATAKRQFKTVADIGS
UniRef50_O14503,EKPSSPAKGSEGP
UniRef50_Q49YE0,NVETRLEFGSPKAIIPKKLATDVDADLIMCGTSGL
UniRef50_A7HFW0,EVKPAIAPKDYRGLEVTRKAPEVTDQMVSDELSRLQD
UniRef50_Q55EU7,IGWCLEFLSFFLITDDIMDNGL
UniRef50_O83361,GVREVVQLAFFSRPDLV
UniRef50_Q91YE9,TAIKVEAPNSSTTSRTSSASPSQHETSPPPQTSEKSSIQQTPQNRPITQLESQPPTPPETEPNSRRTSAKMYTGSDPWAHRENREPRDLQLRDYAYSCDSREGMPKTREYPRT
UniRef50_P21507,QDIEHIAGETRWRKQTLLFSATLEGDAIQDFAERLLEDPVEVSANPSTRERKKIHQWYYRADDLEHKTALLVHLLKQPEAT
UniRef50_G3KIM6,DCTHLDIDMNKYVDFLSTSSTLDISSMTFPMEDTNLKMTRPAFGGHL
UniRef50_P32769,VYKIEYTDEVRQWYNGPNLMSTLENAAFKIS
UniRef50_Q9Z512,DISHLQGDDVVASMVVFEDGLARKSEYRRFQI
UniRef50_A4GVE9,YSVLDIQPNEDPSLPSHLSLMDDEGESREDLDMPPDVA
UniRef50_Q9X758,RPDKRGRSTWSAALRGIDLLHQHQ
UniRef50_Q9WZI1,KRGAILDIESDEVKVILDE
UniRef50_P36616,LFNRRGELRNIHKLKFWPLKDV
UniRef50_P26474,NAMSRLDYMYLSN
UniRef50_P45061,LVVKDTRIALGELAKWLREKINPRTVAMTGSSGKTTVKEMTASILQHTAADSEAVLFTNGNFNNDIGVPLTLLRLTE
UniRef50_Q54C11,NGSWACKNCWIEIFRTTKECPTKECRVESIDSLSRSRF
UniRef50_A4J778,GKVEYLSIIGDAIKPRKVMDAIHQA
UniRef50_A0QRF3,IRQRIEVVDGGRAAVNGQGATLISGVPGGDASAEETELYVDAHSWLRFDPAPRILTAHARHRQRTEVCVAHRGCAVVVDAVVLHPDLDAATFGSIESTVTVRSPGGALLAMDAQVLDAPPVTGRFTAFGTVYFVGAGFTGGHHE
UniRef50_Q1K9C2,KVPHVLPLKSHADPFAHIADAILAE
UniRef50_Q59829,FSVASGTKQLTGH
UniRef50_Q7AKI9,LMGRARNRLVAATASASAGG
UniRef50_Q3U829,PGILMEDQTNLLSKRLVDWLRYASIQQGLPYSGGFFSTPRTRQPGPITEVDGA
UniRef50_Q8WTM6,DDETMYIEAKADRVTV
UniRef50_Q12468,LKDNIVVMDCFNLPVVGTETRV
UniRef50_Q9VCI3,NNRLFSWYFETAEATI
UniRef50_Q5DGJ1,RLPNFLRITPIPLYNSFED
UniRef50_Q4JV61,VKTTAFGAFVSLLPGRDGLIHISNLGGDRRIERVEDEVSVGDKLEVEIADI
UniRef50_Q17533,SNLAACVNATS
UniRef50_Q92540,IFYYCRSIAVKFP
UniRef50_Q9S750,KSTSLLRRIKSEISDGRSVAMLKSSKDTRYAKDSVVTHDG
UniRef50_Q9P6L9,TTSHTESSNSKAPAIEETTTTKVE
UniRef50_Q8SQR8,RKESFVLEILEDGEVISTLNV
UniRef50_Q0ACA1,SGDWSIQRQVFRLAPGATFEWLPMETILHGGSRSRLINRFELAEGARLIAWE
UniRef50_Q08285,NGKIWVKCEELSNTLACYRTIMECCQK
UniRef50_Q3B314,MFAVFSGTDPIDSLQVATAALS
UniRef50_P83776,LAIDLGGTNLRVVLVKLGGNRDFDTTQSKFALPAHMRTAT
UniRef50_A4W0C1,PAMLSTMNTTLDGKTFFKSTLTTPESLDL
UniRef50_Q6BLH9,LNSTTNQNSRPSGKSSSSEDGVEATNSGS
UniRef50_A6GWI5,DKRVGVFGKIVSINDTTAQPLFEVLNGEVEMLI
UniRef50_A6W3A7,ACCVRNAYIEPERLGIDRWLGVVAAHHLIKGNVVVV
UniRef50_B6IPE2,WGRWLEHERGASTHTLRSYRADLAGF
UniRef50_O75602,LLDVVPTIQQTAALALGRLA
UniRef50_Q6RZZ9,QMKRELEEKCSQQSITEHKMEAQRHEIS
UniRef50_P59046,LLVQLPERTVLLDAYSEHLAAALCTNP
UniRef50_Q24SM2,VALVNGAGRQECGAVCTAVFFRSL
UniRef50_Q86AG8,NPTGILYDMERKEEIYKIACKFDLLIIEDDPHFFLQLDNEIVNGKRVLNKSFLSIDKEDRVIRLDTFS
UniRef50_P84624,EPERVRLEWISGSEGLKFAEVMTEFDATI
UniRef50_Q9HLB9,GVDRDLFRVKRMMITEEKAYQAVMTRL
UniRef50_Q751N0,AALEEAQVAPFPGGAVVVVLNPSHV
UniRef50_O13772,NGQTSTSAGHPSSSSSTLPNYAASSLNSR
UniRef50_Q54Z01,HIIDKDPNNFVSELQ
UniRef50_Q7URR0,VNLAQLPSAPAKPAAPTGSSGPAAQKPDIKLTRDVIEGHKQGMKAPLARLEQDEADKKQRSKKTAEGTVGLAGRGKRVIDEDEKPKKKG
UniRef50_A8QA64,PRVAAGEVAPMNPADAPAAHMYLYNNLFVTRGTDSVDMYRFLGGDAAAHVAVGKDLQGVRRLGNLDIEGLSLLGTVVIDWLGERWVVQTVLPGLFRQVAADAAASQ
UniRef50_Q9W590,KSSTINSLMTVKKVSV
UniRef50_A1RR78,LEKWLIDRLGEETAGW
UniRef50_A0LE48,SSLFNALSGEDRAIVTDLAGTTRDLNESNLEIHGLPILLV
UniRef50_A8Z5X3,IFLSEKEIHLKQVINTNKCI
UniRef50_A8AMR3,TLLPGATSLYYWEGKLEQEYEVQMILKTTVSHQQALLECLKSHHPYQTP
UniRef50_P13796,IVLCKMINLSVPDTIDERTIN
UniRef50_Q7NAY0,GQIKTGSMSRSERIAKYNRLLAIEMQL
UniRef50_Q46497,TSISGALRLGEEIEIVP
UniRef50_A0L4K6,SAAPWHFESAIKVTHMVIRQ
UniRef50_P43565,TFPKTFLRSDSFSTRSYSPERSISIDSSTLSRKGSIIGDNQQ
UniRef50_Q8K1H1,MLAIPPQAIKCCLADLPQSIGMWTPDAVLWLRDSV
UniRef50_Q9C115,KNTDQNHQNQNQEGV
UniRef50_P40492,YQSYTNILIGDYLT
UniRef50_Q9P7A1,SIVTLNEAVPDSGKLVFKPWDLRYDDTDIVESDADDQLLFQVP
UniRef50_Q9BZL4,QAAREHRKVGKEWRGPAEGEEAEPADRSQESSTLEGGP
UniRef50_Q1G7G9,PCEPEAPSAAPTDSSEQSTQ
UniRef50_Q6F3I7,RQSRDQKKIELIETTLTNGTQRTLVTETSTTWVPLHNDL
UniRef50_Q9WX94,MPFINKDVVNY
UniRef50_O30108,EVVDKAVRVEKVTFPYIPTF
UniRef50_B3LP78,SSADQDIDSRLVQYLLAAPTEDGGQYSMFLNL
UniRef50_Q6FJL9,GNRKESKRYNEQLSSLEERKQKK
UniRef50_P54005,RRMPIAEINGEDGFFMFPSQQSL
UniRef50_Q08273,TDTDNECVAAWGVCNHAFHLHCINKWIKTRDACPLD
UniRef50_Q3MII6,AILLEHRDHIMRNGLDYNELAMHFDRLVRKHHLGRVLRRARA
UniRef50_P28072,VADAVTYQLGFHSIELNEPPLVHTAASLFKEMC
UniRef50_Q4J6D9,AVIHGEKRIFFAKRDNPLVIGLGEKENYIASDIPAFLSYTKRILVIKDGELGF
UniRef50_P40695,APEMNTATAPDNLEQQL
UniRef50_Q54NC0,LRFIIQSDFNDGMQVFCEIQRSLIFENFTIESLSDNEIQ
UniRef50_Q4FM95,KVLVSKQINDEYKNSLDKLAKTQILKEIENFKVDEIPENLIEEEVKILSQGMTEEDSKKSRK
UniRef50_Q01W33,GSARLVRISIDKPEGVTHADCQTVSDKVGEILEAEDAIPGHYTLEVSSPGVE
UniRef50_Q9HGQ0,VLLRTLVTQSADDATWIINLTDDV
UniRef50_Q75AG5,HAGLQSAEQVA
UniRef50_Q9VL52,MLTSVYKTFLRKELLRQGFAKIDSTSIL
UniRef50_Q8T626,GGGAGGGHSICLGNFLVNTPIQSHQRSKKKITPQKQQQNQHASLGSGTGAGA
UniRef50_Q1LJJ6,FNDKAFAEAVRTATRALGGTRAASALWCLVQQ
UniRef50_P54792,CWDPTPRSYFTVPRPDPVRPIDPAAWLSH
UniRef50_O75534,IKCVDRDVRMFFHFSEILDGNQLHIADEVEFTVVPDML
UniRef50_Q2YIQ6,AWTGEISPLMLKDCNLDIVELGHSE
UniRef50_Q9UQ07,TFSEVMKMQSLRDGNY
UniRef50_Q9UUA7,VSDALLPMEYFEDHSSRRSQMQQQV
UniRef50_Q49751,LTRPAVEAGERLGFLPGTLSEKIDPYLRPLYDALYDMMDPELIPKLMSSGVIEVASLAYMRG
UniRef50_P54461,AEVERLTEQDGVTCGLGPRILRTETA
UniRef50_Q6CA67,VMANDLNPYSYEALEHNVKLNKVSEYVKCFNLD
UniRef50_Q98QP7,ASESDIEIMKKTVG
UniRef50_P43490,KRSKKGRLSLHRTPAGNFVTLEEGK
UniRef50_Q9I8V2,NSTIENTRRHIGKGVHLYYVGGEVYAECLSDSSIFVQSRNCNYHHGFHPTTVCKIPSRC
UniRef50_A5DLN4,ESDDDDIWGDDEPTQTPAVKRIH
UniRef50_Q9NVM9,QYRIMWNELETLVRAHINNSEKHQRV
UniRef50_Q6XVY3,EKEGDSINLLCPFCALPENINDLI
UniRef50_O29502,KEEGGYAGIFLMLTDIMKEGTEL
UniRef50_Q9H2C0,CYAAMKKKIYAMGGGSYGKLFESVE
UniRef50_A9KEY5,DPPRAQLEKDFISVPLASLANVDLVCLHTPLVKTGNFPTYH
UniRef50_O74454,LLTSVKVKLFVQLSTPPLINVS
UniRef50_O94613,FGCGDTSYTRFNWASKKLDSRLRQL
UniRef50_Q58EK5,AKYCSKQPVPNQCHPLPGASCCAQFSGDKN
UniRef50_Q53778,SDYPLNVIAKAGVDMTSADYLDAAFRVFEE
UniRef50_P47209,QCPNNKAVTIFVRGGNKMIIDEAKRALHDA
UniRef50_P70583,CADPAVSVSKRARAEDDASLRFVRLS
UniRef50_Q2SJX3,PKQNDFWRAYELAQEKVDTLQLFTLPGVFSAGR
UniRef50_P52640,DCLHRGEPDCAVGQDWERYEHYLTFLEEVLAQQNPEN
UniRef50_Q5ZRX1,GMVTIKMNGRHDVT
UniRef50_O94513,LKTDFFLVSLCDHFLEGARK
UniRef50_Q980V1,AKKAETMNLPFSIIEDAGKTQLEPGTITCLGIG
UniRef50_Q15004,TSVSSRKAENKYAGGNPVCVRP
UniRef50_P61076,LAPVAIKAGEILARRLFKDSDEIMDYSYIPTSIYTPIEYGACGYSEEKAY
UniRef50_Q2KIC5,RTMGRIVVPRGCRDFGWD
UniRef50_A5EY68,EIKAVKRLGQHF
UniRef50_Q07533,NLSATPDEARDWIAVKCHLNRARTLTKYD
UniRef50_A5UJV0,QGDKLILNILKKMGAKIEIFDDYVEISSEGNLKGIDVDLSNAPDLLITVAILAALADGTTNITGVKHARVKETDRIATTCSELKKLGCKLKEFEDGMSI
UniRef50_Q9F1R2,NLDDLYVLSRPP
UniRef50_B0SGD8,TILDSIDIKKQNKQKLVVVGCFAERAGKEISDDLPEVDLHFGTGKYDKAGE
UniRef50_P40205,AEREANVEQGLAGRLLLCNYERR
UniRef50_Q5RE16,LKEKRSLRQRLLKPMCQENLPIEAVYHRYMVHLLELAVTFIERLE
UniRef50_P54253,EDSHSPGVAVIQFAVGEHRA
UniRef50_Q9PQW6,HENFIMTEIFPVNHL
UniRef50_P98081,SNTLAPDITLTQLLTLGMDDLAIKLNV
UniRef50_Q9T041,TDNQSEGSFTSNRGNWSAIQRQLLQLERQQTNLMNMLQEFIGGSHDSMVTLEGRVRGLERI
UniRef50_Q8LE94,FLNLYISVFRRGETRSL
UniRef50_Q8IWZ3,SNSSTSAPPTLGQPKGVSASQDRKIPPP
UniRef50_Q557H7,NNNNQSPPSRVPNGYNNQVFDDESLFDYNTAI
UniRef50_Q8A0V4,REFYQFLTADLKMEVPVDALLEGNDFTA
UniRef50_Q73H02,EKAHVPVMFYNIPSRAGINLHA
UniRef50_Q8WU39,AYQMWQNLAKA
UniRef50_Q9W148,EHRKRMRQQKQKERLE
UniRef50_P46686,CWLPDSSDSDVEEVTME
UniRef50_Q9Y508,PKKPVCGVCRSALAPGVR
UniRef50_Q06151,GLGNSIAAGKAILLED
UniRef50_O60081,TYIFQSLSPTIVKNDNESWKNIVME
UniRef50_P26448,RQFPDFDADEIIR
UniRef50_Q08BB3,SSQNIKSVSSRERGSGIRSVSFYEHIVTVGTGQGSLLFYDIRAQRFLDGPSSTPGGYRNRTA
UniRef50_Q05881,VITEIQNFSRPLFYLLSLFPLFYNNKDCPKYFTDQLDESTLQLLDG
UniRef50_Q9BRA2,RYEEVSVSGFEEFHRAVEQHNGKTIFAYFTGSKDAGGKSWCPDCVQAEPVVREGLKHISEGCVFIYCQVGEKPYWKDPNNDFRKNLKVTAVPTLLKYGTPQKLVESECLQANLVEMLFS
UniRef50_P15705,NPKTSEMMKDPQLVAK
UniRef50_Q9PQE5,HINHKTRLFIEKDDKLNNHEQIESGNEIINQPKALSGQDFLEFVNSKL
UniRef50_B5Y8J2,LVFPSLSQERREELARLVDKYLEEARIALRNIRREYIDEVKSKEKKKELSEDESRRIQNELQKAF
UniRef50_P56905,KNREKALQVLTAR
UniRef50_O14019,AQHQLSLVQSWINGYGQEKLADKKDPA
UniRef50_P71590,FEKLGADPELKSTGFARDLADYIQEQGW
UniRef50_Q9FVL0,FLKDSKVPLEQNTKLKPHAMSV
UniRef50_Q12276,LMHNMKRIMDSSFKLDELTVQ
UniRef50_C5B137,PDQTIDATGCVVMAGGV
UniRef50_Q8TUY7,SISELNRVEETL
UniRef50_O59812,DGFTAIRFANSMFEPIWNREHIESVRVDFREDFGCEGRGGYF
UniRef50_O51571,FDCTVIETKGFALKIETIKLLKKALKYKGIIILTDSDKSGNIIRQKIVKYLGENNKIKHAYLNTKDTEVESVNKTEIIKILKGVGTLSKDNQKDLLKLSDLLELGIIGENSKENRQ
UniRef50_B5ZCB6,KDDLILEIGPGWGAITELLVQKTDTLVAIELDKRLYAHLKTYIKAP
UniRef50_Q9C1A4,AQQQQGQQQQPASQTVQSVPVQANLQHAAAAAAAVAPPGVQQVAPNSPSAPGSLECQWQGCQEL
UniRef50_A3MWN7,LEVKERVAKLAD
UniRef50_C4NYZ3,RGRACMTNLPSNTAFRGFGFPQGALVTESCITAVAAKCGLPPEKI
UniRef50_Q76N89,TQSRAGREEEEKEQEEEGDVSTL
UniRef50_Q9EYW6,THLEQTNINLFIGNW
UniRef50_Q9HD15,GGKLSIPVKKRMALLVQEL
UniRef50_Q9HLQ1,RMDITLPANIKRGYCKKCKTPYR
UniRef50_P54471,QTVAEYIPNGAVMADIGSDHAYLPCYAV
UniRef50_Q6L2M8,LERSKSTERIPIKVKIKIENLD
UniRef50_Q20010,QIDNVLADAECDANRAA
UniRef50_Q66HT8,ALPKDFIDKLISEMEELEKDETAKHDAKALNLSEFPYCSRLHRVKELMDKTSVSIEEVISELGNGIAALQSVPTAIFCVLYCLEP
UniRef50_P21151,ASKLALKKAGLSASD
UniRef50_P69737,NNTALITRKLWEGSTECLVVFPDGVGILPWMVPGPDEIGQATAQEMQKHSLVL
UniRef50_O15350,MPVYKKAEHVT
UniRef50_O88778,PGEPAVLEGPTLPCCYGRGEEESEEDSYDPRGKSGHHR
UniRef50_Q3JE53,SANPLTTLKAHEGNPDWNQITQLIRQWNPDLLIVGLPLN
UniRef50_Q9P6J4,FNIYVDPHAAQMVL
UniRef50_Q757E3,CSELPGFGVQLACSKPWQAAK
UniRef50_Q73M71,VSRKVFTEHEKE
UniRef50_Q4K8U2,LNGLLPNGSKGLLITMDYAQEQLDGPPFAVL
UniRef50_B4RSU6,PSRSTLKLEDALVNMLSNKQQSKVLRSGGRA
UniRef50_Q8SS24,SMCLGDMPVDEKNRISHRR
UniRef50_Q03071,EISRSAAMISPTLKAMIEGPFRESKGRIE
UniRef50_Q83GD7,SQRVCAETLPPKLLEELIHKAVSVKITMVDSDFRDTHKRQFLNYGHTLAHALEAATSHKLPHGQAVSIGMVYAA
UniRef50_Q13045,LSSNQITELSLCIDQ
UniRef50_D2YW48,IGQSLAALEYLEEALPTNAR
UniRef50_Q61249,ALTMKQVNPSK
UniRef50_Q9P7P2,RCDGWVHCACYGFESDSDPRQPNQLLCY
UniRef50_P71039,GLSMKDIEEHQQTYADEVRKLYGKEIAEETEKRTSAYSAD
UniRef50_P37553,HCGVKVGSLESSMVSTDSLGFQHLTNEERNDM
UniRef50_P13857,DTRKTVQGNVMLHQRGYAKMFMIFKEDELIGVISFNR
UniRef50_Q8I7M8,SPCTSDQTPTGVPPRYIVNVKMRQKTARKWSEEEIQKRLSLPADLRLPVAVVDKLNRTPTLDQPLTRKNRRASLSEIGFGKLETYEKLDKLGEGTYATVFRGRSIL
UniRef50_Q6CQC6,DLKTDGEVEKL
UniRef50_B2S9G5,TGGAFDKGYIRAEYDVRPDDWYFP
UniRef50_O59719,NGEPSLLFALSSCELVIFQVTYDLMFLDEPNTPGCLSAIPLRFLY
UniRef50_Q6F150,FKSKCKNCHGKGVESKREEVEIPLPKGLWPGQQFVMRGKGHASLEG
UniRef50_P50528,QRNLDFVASASGVGFGN
UniRef50_Q7UXN7,PGFIKEGNIIKI
UniRef50_Q9UUI3,PLRQKMRERVQPKMGKLDIDYQKLHDAFFRYQTKPVLTGFGECYFEGKELEAD
UniRef50_Q7L513,GDLLVLRCQAWQDWPLTQVTFYRDGSALGPPGPNREFSITVVQKADSGHYHCSGIFQ
UniRef50_Q9WTL8,ELLGTSCYEYFHQDDIGHL
UniRef50_P0C8P1,AAIATAIVPQQGS
UniRef50_Q7CQM8,MNREIAEAMNIAVRTVEVHRARVMEK
UniRef50_Q8PII0,VAVINVHANGPDWVALDRVHKQ
UniRef50_O94378,ALAASAAPSSCRQQPVDEERQDRVSKISKHFQDSGTPVSEEVSPTRLPSPTSARRASHLSEGKWDEIDDEDDDDWGSTIEFEDGTTVVIDAKTR
UniRef50_Q1AW53,TPRLRFEPDPTVERVTRIQRTLREVSGEDGDGN
UniRef50_O32049,NYATVESFKTSNWLGSEEG
UniRef50_A4XHV9,KKIEYPVAEEEVEHE
UniRef50_O36025,ETISREMSIASSEALPQVE
UniRef50_O31824,ENEERLNEYVHAG
UniRef50_Q8ET50,WLKQIETYTNRLGETVNSLNDEELSKTY
UniRef50_Q9PLG5,DKYNYCCAYLL
UniRef50_Q3BW59,SGDLVYRPHCERCRACVPVRIAVAAFHPDRSQRR
UniRef50_P78978,ISPSTAHTTPDATT
UniRef50_Q58786,DAVPPYMEKVYGVKDIDPVNEVIHSIGSKPALAYITSA
UniRef50_Q2XPP4,RRGFDAISDSKYTSDV
UniRef50_B8F412,EQTILATGSSVKAKQIPE
UniRef50_Q8XVI9,GTQPVAGLAAQGFH
UniRef50_Q11176,GGDGTIVLYNGVDGTKTGVFEDDSLKNVAHSGSVFG
UniRef50_A9LLI8,EYLLREHGEDGVRDFCQ
UniRef50_Q08282,DYQLLECECPINRK
UniRef50_P19080,TEEEILQKTKQLLEKIIEENHTKPEDVVQMLLSATPDLHAVFPAKAVRELSGWQYVPVTCMQEMDVTGGLKKCIRVMMTVQTDVPQD
UniRef50_Q6NMK6,IVPSEVTVKLI
UniRef50_Q12500,NVVDSFKSSNRESVLRFL
UniRef50_Q9K0Z1,ILSRLYTPAVVVTLESKHKLLMYPVAEWEKVAAQL
UniRef50_Q63HM1,WQSGSKDESAFMVHPLTAQGVAVVIVAYGIAPKG
UniRef50_P96693,NTDFYAGVLGLRLVKQTVNFDDPGTYH
UniRef50_Q70FG7,GFKSVNTDKKRGLDHGAWVPLMLMYPEADIPVCQLSVQSHLDGTHHYKLGQALAP
UniRef50_Q8EUW9,IETIEYDGKTFVSLKYIKKNKVNNI
UniRef50_Q6UEF0,EIRAAITEKVRPGF
UniRef50_Q28PK5,PVSQAIEAGHDVL
UniRef50_Q6FCG1,QLRKGKGPNRI
UniRef50_Q9FVX0,LLEMESSVLNYLKFELTTPTAKCFLRRFLRAAQGRKE
UniRef50_Q9P789,ESSQQKAPSSSSTATPASAAS
UniRef50_P45185,GVGVSDYYIRQREFSALRLSVQLSIVADEIQRASDSAEEGVENNENEHY
UniRef50_Q1GHT0,GRALFNKTITLEEAMETAQ
UniRef50_P42305,FSATLPQDIEKLSRQY
UniRef50_Q5ALR8,IYNPFLVSTNEEGRVSPTIDKQQQPVLKRAKSIVSSNSLSAFFTDSKSKQQQQQQQRDRKRNKDRRNRPGRLRRSHSTNSNDQFIMNTGSFKLPD
UniRef50_Q16851,RKLFHRFLQEKGPSVDWGKIQRPPE
UniRef50_Q9H9A5,LNQLKNQVHSAVEEMDGLDDVENSMLYYNQAVILYHL
UniRef50_Q2QPW1,IKGTVVVAWSKGVIGEGQKPIVISGPSGVGKGTLIAKLMKEYPS
UniRef50_Q0IHT3,YPLYSDQPQPHL
UniRef50_Q10105,DRMLYAMLLSKDTSLAFLGSKKIMIDILQHICRTQDIDEE
UniRef50_P40561,LLYDRNTGTPKGYGYI
UniRef50_F8VPN2,ASYSPDHTPAQESHKTPVDHTQISPSNLTAGNDDPLVPDASLLSVS
UniRef50_O43024,AAIPEKVQVRFGSLTLGGEDKKSTKS
UniRef50_Q8ZSY4,DDGPHSPLLEPLVRGLEAVGNEVVVVVPER
UniRef50_P0A9I2,LAAIESPLGITRAVEIAHASERLIGIALGAEDYVRNLRTERSPEGTELLFARCSILQAARSAGIQAFDTVYSDANNEAGFLQEAAHIK
UniRef50_P48361,PAIDDYGNLITVERRPA
UniRef50_A1W6V9,QPLWQALDAEGHVLAEAELAVVCAGHHTGPLTHAHWPMNPLRG
UniRef50_A5URM3,ASSTVARRVAAVKSFFAFLTGSGAVPHD
UniRef50_Q9UT44,DALDKIVEELR
UniRef50_Q894C9,PEFVFISTNFLKTLDFQRFK
UniRef50_P37177,WQDATLPLMEQVYQASTLDPALERERLTGALEE
UniRef50_A0LI59,PRGMESAVLEKECERILKLIGGKSNQLIVWDRTGKHLDSL
UniRef50_P9WIC0,AIGKARMASGGTRLVHSREMKVIERYSELGPDGKDLAILLLRLGR
UniRef50_P97929,SFCHCDDMHNDSGYF
UniRef50_Q5AI80,LPQFVMSPYSQYDQQLYNDMDKLNIQDDSFKSKHGNSSFRSNHLANLIDKVERPKSADPF
UniRef50_Q2RTH6,IHDPLRFRARGEKRFSVRGTPTDCVLVAVNHLMDRPPDLVVSGINRGGNLGEDVHYSGTV
UniRef50_Q9H425,AEFQSLTPSQIKSMEKGEKVLPPCY
UniRef50_A6WCF6,KEKQFRAVVDQAAAVVLLQATLDAERTGHAPGRVVAGPKGRRKARHR
UniRef50_Q7NAU0,INSTTAYGYDIFIDNEFYQKFR
UniRef50_P82902,HESEPTKIFIGQNS
UniRef50_Q9HCY8,HLMPSNCGLEEKIANLGSCNDSKLEFRSFWELIGE
UniRef50_Q6GYP7,TSPASAGSSDLMSSDSHSDSFSAFQCEGR
UniRef50_A6LC43,NKIVTIEASGIAPAIMVGYIMQLPVVFVKKKKPKTMENMLSTVVHSFTKDRDYTVCISNNFLTPEDHILFIDDFLAYGNAAMGMVELAEQSGAVIEGMGFIIEKAFQDGGNLLREKGIRVES
UniRef50_Q8H183,HDFDLQAASFSADKEQMRNPRVVRVGLIQNSI
UniRef50_P52758,KQALKNMGEILKA
UniRef50_Q6CWX7,QSLKKKRNRLARIHS
UniRef50_C3K3Q8,WNVEYLPDETKSPQENARNGKQAL
UniRef50_Q7VAM5,PPDVEESFLWFLNMAGIKSYAIERSPDNLQDQTLMVWLPSHEWLKK
UniRef50_Q1MPN4,IDIWGKPMFWYVYQNAVESNIFRSV
UniRef50_P17899,YRLNVVNLRLPPLRERPADVISLCEFFVKKYSAANGIEEKPISAEAKRRLIAHRWPGNVRELENAMHRAVLLSAGPEIEEFAIRLPDGQPMAPAPDVAVARGAQMAADAASRAFVGSTVAEVEQQLI
UniRef50_Q12062,MTPFSRGTVTINSNDTANPPIVDPQWLADPRDQEMAVAAFRRCREIVASDVMREVVAGPEILPG
UniRef50_Q9BTV5,LMKIKQDRASRTYELQNQLAACTRALESSEELLE
UniRef50_P14708,LGMKKEQLLELPEQQEQHLKHLEQQEGQLELPEQQEGQLKHLEQQE
UniRef50_Q9SKN2,SLAATSGIDRIM
UniRef50_O74733,TLPLRKDTVLFSLVTLDLEQRASAVITTIQ
UniRef50_O28338,TVKVFRIDIEARSREEAEREIAEMCEKL
UniRef50_Q753F1,SLNEMQIEDINNELNRLFQEKMRWESHIRRNLRGPDYRRMKQGLNTTGGTVINGTRYFGRALELPHVQELLQQQQQQRVKQQNQKQREQELR
UniRef50_Q54JL0,IDVTNYNKLELPMEKIVIFVLS
UniRef50_Q9UJT0,LEKFRKSAEHCDCLQCFFIIHSMGGGTGSGLGTFLLKVL
UniRef50_Q12199,VAYSNDWINSKKRQNS
UniRef50_Q9P791,MYNDPGLTNANLKIILADIDMSKPENQNPQQQLDDGEYIENF
UniRef50_Q6FSP5,AHLMLRDVMLRLRQVCNEYDCSPLTFKIILLFNRSDV
UniRef50_B1A193,KESPCHQRTLSKTSTGPTQDKQRRVVRKAFRKLAKINRKRHE
UniRef50_O84463,AMTDNKNRTASDMRVAVNKRGGALVEPGSVLYNFSRKGACYVPKHS
UniRef50_Q057T6,ITEKKIKKIENKKIKIIKKI
UniRef50_Q6FT12,RNRSILSIYKSDNFDHMVQSNSNKISRNRT
UniRef50_C4LDD0,CINHSVLTYEAIHHDMLPLVGWC
UniRef50_Q9P7W7,AKIPQSVQEMALQAFFTLTDDNDDGI
UniRef50_Q5SFM8,FVDKLFESLYT
UniRef50_A5F5X3,AWQMFCDSKHVLKKGGKLWVIGNR
UniRef50_Q49776,RVEFFFLRPKDIAIYVGSGDLDF
UniRef50_Q4FLS7,IGTGFRENLNFKDITVINDKLGKPSFVVTDKIKKIVK
UniRef50_Q9QUI1,AAGPRRPVNLDSALAALRKEMVGLRQLDMSLLCQLWGLYESIQDYKHLCQDLSLCQDLSSSLHSDSSYPPDAGLSDDEEPPDASLPPDPP
UniRef50_A0KNH6,VSPHESAHQDAAALERMKARLSRLNIDVSAK
UniRef50_Q24478,HIVKGHKNIKLKIMPNTPAAPTEK
UniRef50_Q8BUZ1,QVTFGELFDRYVRISDKVVGILMRA
UniRef50_O59829,YITENGNLGGVYRKVHLFDTERKHFKKGSDFPIFETSFGKLGVMICWDTAFPEVARIHA
UniRef50_Q9ASQ5,PRPSRLGPLNLTM
UniRef50_O60032,LTRHKSLVTGYLATNFDYFFAQFNTFLVQSESYVTKRQSIKLLGEILLDRANYSVMMRYVESGENL
UniRef50_Q80SU7,TALAAELEECSNITRFSDVIKFDANR
UniRef50_Q9Y2B4,SQVQSGMRNKEKTSLAA
UniRef50_Q86AG7,GQQQQICNEQLNLINLWSLQGEK
UniRef50_Q8GW31,ACAIREVLEETGFDVSKLLKREEYIEFVFRQQRVRLYIVAGVTEDTVFAPLTKKEISEITWHRLDHLQPASNEVITHGVSGLKLYMVAPFLSSLKSWIL
UniRef50_A5CY11,FVVVEGAGGLLSPIATKTLNSDL
UniRef50_P12271,VMLFNIENWQSQEITFDEILQAY
UniRef50_Q2LZ59,KLPEADLKALVDLPAGLDYNEWLASHTLALFEHVNLVYGTIS
UniRef50_Q49112,SEIKNNSSIKTICLDEFD
UniRef50_Q9Z6N5,RSCVWRRIHNYAKQVTSKP
UniRef50_P0DJ24,YDGWGQKVRDRKGQGTGRMRYMKTIARRAKNGFRSGTQAAPK
UniRef50_P00927,SLIKLHSELKLDELQTDNTPDYVRLVLRSSVYDVINESPISQGVG
UniRef50_Q9RVE7,AEEHHADMYAAIDKASDVLERQLRKFKTRYMKQRQ
UniRef50_Q9LXG9,TAVRRLFNTCKEVFSNGGPGVI
UniRef50_Q4I963,KITFIAWSPDDAGIQPKMIYASSKEALKRSLTG
UniRef50_Q9NQB0-12,GIPRPPHPPDISPYYPLSPGTVGQIPHPLGWLVPQQGQPVY
UniRef50_P20941,AKSQSLEEDFEGQATHTGPKGVINDWRKFKLESQDSDSIP
UniRef50_Q06543,PHINVLSKLDLIKGDINKKKLKRFLNPDAMLLMETEGMNQASNPKFLRL
UniRef50_Q9P7J4,KGLRSRTEQQESIGKL
UniRef50_Q15398,KKAIPSSVRITRSKAKDQMEQTKIDNESDVRAIRPGPRQ
UniRef50_Q83I84,SEPKCDSESDRNGPIVKIHRFEKGLLVDCCKQ
UniRef50_P49720,AIAADRRFGIQAQMVTTDFQKIFPMGDRLYIGLAGLATDVQTVAQRLKFRLNLYELKEGRQIKPYTLMSMVANLLYEKRFGPYYTEPVIAGLDPKTFKPFICSLDLIGCPMVTDDFVVSGTCAEQMYGMCESLWE
UniRef50_C5BIJ8,RKLLRQHPFTVTVDSAFDAVAQ
UniRef50_Q9HHD0,LSKVADSIIAIDNNKLKESGDDISSA
UniRef50_P94433,VNQDIEQLCCAH
UniRef50_A0KYQ7,LATLLIFAPNSQALMQCIEMAEHILTERLADIRLQSEQPSKRVVFLGGGPLKAIAQEAALKYLELTAGQVVSAFESPLGFRHGPKSLVDSHTQVLVMMSSDPYTRQYDNDLIQELKRDNQALSVL
UniRef50_Q5DHJ5,DPTVLDLQLRALSKQTT
UniRef50_Q5WYX3,EIVGGKPLRGQVKVSGSKNAALPVLAASLLCKEPLQLTNLPKILDVTNMIQCMEALGKRFEFINTNTIKIGNREMDTLTIPKEAA
UniRef50_Q8SX86,AKNKPIYHRFRKLDEL
UniRef50_Q1ECZ4,GREPEPVESPAERVAAKSDDESECVSE
UniRef50_A5D8S0,LPHGCLLPSDLINSHWSTTSKPQQIRL
UniRef50_B2IBT9,YTDFTFRPDDILLMGRES
UniRef50_Q8NB90,LIMKRHFTQALSTVTPRIP
UniRef50_Q75EQ0,KEEKQQLLADLQGTAQAPSLVLKEKEPNTSKQKFQLPKPPMVSTRSVVAPVRTISEEEEDDNTAASFVSNPTVMGQ
UniRef50_Q9HDY2,KSLEEQSSFLEQSKDASSNLTACNRSGSSLSSNFYSSRLSKKTSLASLNKSRASLQHKIMSLSRN
UniRef50_E1X022,IQELEKEIEVLRVEVAELETNSGEKSLVLEQKRDSLEEQR
UniRef50_B8H0A3,IVVPQEFRAAVSGPFDGIFCFPSIEADCLEAGGKALFDR
UniRef50_Q8N693,TEGSVPSDDQDREGGGGHEPEQQQEEPPLTKPEQQQEEPPLLELKQEQEEPPQTTVEGPQPAE
UniRef50_Q17Q32,GKSTGEDAMDVDAEMTDVES
UniRef50_Q6SPF0,EEAAARGRLERTRLGALALPRGDRPGRAPPAASARPSRSKRGGEERVLEKEEEED
UniRef50_Q9CPY4,PPSMGYVQAMKPPGSQGSQSTYTDLLS
UniRef50_Q58931,LNKEVIVIGRDTPAI
UniRef50_Q6CPW4,NKKSEPLSKIDVTNNQDFNTFSGGSNNKLNFG
UniRef50_Q59UH5,SAFAMPPPQSPVKNIIETPTKSKNKSFVT
UniRef50_Q7V2Q8,DRERILVIEDNLD
UniRef50_O24456,KDVLSVAFSLDNRQIVSASRDRTIKLWNTLGECKYTIS
UniRef50_Q6ML96,EIAWAKRMKTFGLKAKDSDEIKTFTVERTKPFKKGLI
UniRef50_B4U8T1,DENAIEIAKEKLKGFNAVFYHGSFKDFD
UniRef50_Q8AXM9,TQNPSCFGVRRGKGKKASEEAVDTVDFP
UniRef50_Q8JHV9,SPESWRYLQSSVAQDALQMGFKQSLVASLIQS
UniRef50_Q96Q15,AIGPLRLSTLTVSQSLPVLSTLQLYCSSALENTVSNRL
UniRef50_Q9UQY2,DALALVKRIQQRIDLYHDNHERKMSAQ
UniRef50_Q4FP51,GCMGSYGPSEINPDTNKK
UniRef50_O83787,FSSKEDHCGVRHNERMEFLGDAV
UniRef50_Q97FV2,RRDIAIQACNRAKFIGGDGILFVQKS
UniRef50_Q5GTG5,GIIEPFRFARIRNFFDEFIRIFMMFDYVILVPVHPPE
UniRef50_P39127,LEQYLLLTHNHPDYWDDLLRQVRMTFPFVRTMKV
UniRef50_Q03017,IFSEEIVPDSEEQDKDQQES
UniRef50_Q6BK07,IMGEEDLSSEVNGLLKKISVRNQDLLKPLFLS
UniRef50_Q9NSI6,QRMGADQDTIPRGLSNGEETPRRGFRRLS
UniRef50_Q3IRT2,HDAAVPRPEEWFEPLHAVYRPE
UniRef50_O94510,LGQDINFGQSSVNQGWQVAFKNALASAGINIFFMPTWPLDAS
UniRef50_P13234,LDPKKRLTTFQALQHPWVTGKAANFVHMDTAQKKLQEFNARRKLKAAVKAVVASSRLGSASSSHTNIQESNKASSEAQPAQDGKDKTDPLENKMQAG
UniRef50_Q8IX03,RVAVLPCSESTTCLFRTRPLDASDTLVFNEVFWVSMSYPA
UniRef50_Q7VRA3,IFFSSKKKIELTIRIVDIQEMLYLNWYYLGKKYPTNVLSF
UniRef50_Q67PD9,YPTTDFPERFVTLKRVMIDGPDRAVGARFRGFVKNLVILELEGITD
UniRef50_C7R403,SGSVFARSALKKLWKPQLDATRAITIALEALWDAADDDTATAGPDIIRRIWPIIAVIDHKGFRYVSEADLAHANDTIA
UniRef50_Q9H4X1,RMKRRSSASVSDSSGFSDSESADSLYRNSFSFSDEKLNSPTDSTPALLSATV
UniRef50_P0CQ13,HLYWIDYLGTKAIVPYAAHGMGVYVSLSTMDKWWYEDMDKKEGVDLLRKCIDETEKRLTIKFDFNCILIDKNGIHKVDLSQADPIANIQEHPQETEVEAPHP
UniRef50_P11523,KYMSLFQDITGVTARDCII
UniRef50_P0CO13,NVAREIDIARGPPIPGSEKAAVAAAVGDSID
UniRef50_Q6ICB0,LSKGLARRLSPIMLGKQLEGIWHTSIVVHKDEFFFGSGGISSCPPGGTLLGPPDSVV
UniRef50_Q10492,SARKVKRAELEEKLAKRREQELQELEKQEKIEAEILESRLQEQRKVALDELELD
UniRef50_B3QV27,LLGISGLTNDMRELIEESLENDDRRAKLALEIFAYRIKKYV
UniRef50_O75344,RGELARFLFKPNYAYGTLGCPPLIP
UniRef50_P44499,GTIAMARTSDPHSATAQFF
UniRef50_Q5XAW2,GGVVGDLGGFVAA
UniRef50_Q31E86,GVMGGTLYMLGSYLNSLLVDLELETGR
UniRef50_O59742,EVIPNFVKSLSEPSSFLP
UniRef50_Q51945,KHGLALEFDTFEWASCDYYLQHGKMM
UniRef50_Q7Z4S6,SRRGIINPFPASKGIRAF
UniRef50_Q5ZVG5,DCGKTFVTNQLVNYFSDSAAIKPIASGCEYSENQLVNSDALLHQQQNHLPMEIVNPWRFRLPVSPHLSAREDGASIDVHKVADYCLNLQVNDIKKLFIEGAGGLMV
UniRef50_B2UMV0,IRLTEAPVTELEDMIALVEEGNKLIRHCRSILH
UniRef50_Q9LPG6,GRPNVDWCESHKPETIRVNVAGTLTLADVC
UniRef50_Q9R7D7,VAGNLTKFGELLNASHASLKDDYEVTGLELDTLAETAQKQAGVLGARMTGAG
UniRef50_P0C218,TLEALPDNKVSLVRNHSELAKSTLPSTRVPQQAT
UniRef50_A8WL28,LAGKIRDSQNLRVLQKQIEE
UniRef50_Q6KYV2,SATLSEANQTLSFLKDNESDNSKQLRIMIGSGIYADATIKKDK
UniRef50_P52023,SRALRDLERMIAIRGSDEA
UniRef50_E7F7X0,LLKMGYHFELPGPRMVVTNLLTRNLDRQRQQ
UniRef50_B2RMG0,QVYYSNLRGFHWNIRGAEFFVLHEQ
UniRef50_P61308,REGNDKIKKVELTKDLETFYLNQIQTLT
UniRef50_O66555,NMLVVYEYFKVEPVIVFNKIDLLNEEEKKELERMDSIYRDAGYDVLKVSAKTGEG
UniRef50_Q4FV16,DLQPDVLLIRSVTQIDQAL
UniRef50_Q86LA2,DLPNAWLWDLVDEFVYQ
UniRef50_Q6CQX5,IAAFQQMFQNQQLQ
UniRef50_P18296,LEIAKALMTDSTKCSIASFFNIVSANILKSKLIVCEADSTLFGDPVLRTLPDSVISLPG
UniRef50_Q8WWW0,EPPPRASRPARPLRPGLQQRLRRRP
UniRef50_P49604,MCGSCANENAFKASFMAYRAR
UniRef50_Q9HDV0,IKTLGMGLQSTVISDDGL
UniRef50_O01510,KNFELLIDTVMRFSDQLNEKPHLAEEMVRIIRPDIKKNGLGN
UniRef50_Q502W7,SQDVDENLEEVNKREKVIQDKTNSNIEFLLEQ
UniRef50_Q5DU05,GGHWEAQGLDQEEQDDSKSSIAEPQSKHTQGSEREHLQSSLHSQATEEGPLQTLEGQPEWKEAEGP
UniRef50_P32452,NQLENDTSIDYSVVPLENSTNGQ
UniRef50_Q9P5M9,EAAYLLSLMERSCQIQLLIDSATKVG
UniRef50_P35688,QGDSKNLVIQTDDPSSSQQVSTR
UniRef50_Q9Y7Q7,PALLSFRSSNFSKRPYVLSPILNGFLKLQDNPSSIYF
UniRef50_Q7NBY7,FVIGMPKNIDQTKS
UniRef50_Q7UJD7,MGRRVVALGLADPNFQLVGAIDHAKSDHLGQDSGAVAGEAPSGIEISSHWPVLDDAATNQAVI
UniRef50_A6SX19,NIIMVDSKPMIVLRSDVNGSSRTGFTYKWKMKNLLTNTPMENVFRGDDKFDVVVLDKKPVTYSYFADPLYVFMDEEYNQYEIEEENLGDALHYLKDGMECE
UniRef50_B3QXY8,LEISFSPDEFQPELDKQYKLAQAKA
UniRef50_P44788,FVNKLKKAYPNWREII
UniRef50_P39644,IALKLADQHFSLVINSRNLDNIESVKEDILAKHPEA
UniRef50_B4SEC4,KLSRMGALDDHAFGMEVIRSRSRRKPSGRLKIVAELRKKGVAETIISELLKEYDSVALCH
UniRef50_P74476,AISLDIPDKDLDISTSRA
UniRef50_Q6FMN0,GILSQRRLIKYIWDNARSFGTLEPLLNSSLQDLKIGVLNTNSKPTSRQS
UniRef50_A9G882,GRLRRDVARTMGLRVVPTLRFFYD
UniRef50_P38315,SKLKVNDSNKAQQSNIRHYIQLDSS
UniRef50_O25773,VDASVATNGSALAFLSLVANSLKDAGIREGLNARGSLELVKMSFKGFAKLLEKERPEMIIEQIC
UniRef50_O83128,PAQIRKHMQEKIADRISKGQFRFPSAGSAFKNNPAFGKPSGILIEEAGLRGTSCGAAQVAPWHGNLIIN
UniRef50_B4F103,QALIAFDNLFLRQSVQNPASSFTFNYWQQHAVKNVIKQLSFAF
UniRef50_P25298,DNLEKMWNRYTQWEQEIN
UniRef50_A0B5R2,IVPIAVLPFREEGTIYLQNAAFCLR
UniRef50_Q3M5Z3,AKQIEIEINSVTDNPLIDV
UniRef50_Q8SR30,AIKNLHGTFPFGA
UniRef50_P09383,CVLKGGFKFLADLVDGLERTVRARGIVLPMSVEFVRVKSYVNDVSIHEPILTGLGDPSEYKDKNVLVVEDIIDTGKTITKLISHLDSLSTKS
UniRef50_A4VJB4,GTVERIEQVAEKVKKFRDGGDDIVVVVSAMSGETNRLIDLAKQISEQPVPRELDVMVSTGEQVTIALLAMALIKRGVPAVS
UniRef50_P40325,AANLAQGHQSRPH
UniRef50_Q588Z1,IGDRLFTTSTSGAVYALNAKTGCVYWRHAAEGATRTSPVIAALPEGAPAKTALFFSDFTKAAVALDAETGKQLWKTVVDDQPA
UniRef50_Q9LJN8,EFLHGGAVLDCCFHDDFSGFSVGADYKVRRIVFNVGK
UniRef50_Q6P2D8,LDDNRLSNPSCFASLAGLRRLKKLSLDENRIIRIPY
UniRef50_Q1GVM5,EQMSSLEFANLLENWRDGGVREARFCIGAADGFTPD
UniRef50_B4U6K0,VSKNPEKYLFIKNAKSIKDILDIQNPLSGLYTACFYTEKPFLLV
UniRef50_Q7ZVS3,MSGHSSSGSFHSERGPI
UniRef50_Q9BRX8,LLANTDVFLSKPQKAALEYL
UniRef50_Q710D7,VYFKELIVFREGNTSLDI
UniRef50_B1L5R5,KVEPVPPKGLEFKIPGDYGLAAFHMLTASVTGGKV
UniRef50_C4R591,HRTHAIMGTKL
UniRef50_Q10XH7,LKTQNNSLKIERVVAIFQPHRYSRTQAFI
UniRef50_Q9W1A4,CTFLNPDTKRICEMCCRSK
UniRef50_Q8GW43,PIISLVVGNQEKALKASRYLLKSGFHVMAIRPPTVPP
UniRef50_Q9VJE5,FVPIAKVSLSPSSKKTRLSRTGSRESLTSIG
UniRef50_Q90YJ2,QAVGVNTQSFAL
UniRef50_O13808,EEVADELSETNPRFILVSYPTKTTDGRLSTPLFMIYWRPS
UniRef50_Q2LR47,AQELRFNGAVTEYELYY
UniRef50_P38236,GNPNDSMSSMSNMTAKTSINSTAFKNSFVPFNHVTALSMNNV
UniRef50_Q54Z69,DSTFGTFAKSSAQKKGYTLPRPMIANADIVRLVNSDEIQAAVRAS
UniRef50_P0DJ21,KSKNSTNKNQISKSHRNGIK
UniRef50_B9DIP2,PEWLKTVAEKYPGRIYISV
UniRef50_Q09804,MTAYLSKKESLCSGTFSCLLACCNSVLRTQNLTSESLN
UniRef50_P0A9H8,DYDTTLMAWYERFLAAWPEIAD
UniRef50_Q1GUW1,RFEEAPKTRKAATGDQVIIDFAGSVDGTPFDGGTGEDMAVEIGSGQLIPGFEDQLVGVKAGDEKTLKVTFPE
UniRef50_O94340,PESRGLKLGVLLV
UniRef50_Q6C715,FLGFLGHLLHSFRNDEGVYNMLKSLLSPLCQRVFA
UniRef50_A6N6J5,KLMYKIADEEAKKRTKPLRVKKLYVLSALLIE
UniRef50_Q62394,KPPHEGTPSERPTEGVCTYCSHEIQDCPKIT
UniRef50_Q9US47,LFKFDTEDEVVAWANDSPVGLAGYLFSKDISRVFRVGEALQV
UniRef50_Q96A56,PMENLLIEHPSMSVY
UniRef50_Q7UP92,DQVATGLNAGKWVILEIDVQGAM
UniRef50_Q057N6,LSSLLMAAPLAELDTEIIVK
UniRef50_Q9Y238,KTSLPNMPPALLKTVRMQEHLAKREQLDFMESMLSHGKGAA
UniRef50_P39723,SSKEENTDGGYQNDEIHDSNN
UniRef50_Q0VQU5,RCLEPGGVLYFSCNYRRFQMDESISKWYAVEDISRWSIP
UniRef50_Q9Y6K1-2,YRKAIYEVLQVASSRAGKL
UniRef50_Q6CEU8,VEGGNGEVAGSSRSSRRTRQNH
UniRef50_B3ER68,NLNFIFCSDNFLHKKNLKYLQHDTLTDVITFSYAEDQKNIEGEIYISIERVSDNATT
UniRef50_Q6CK38,KPSVEVNVEQT
UniRef50_Q8PCQ9,RLVPLGEESQHWLE
UniRef50_P05989,KLLTWREETGKTAFETAPQYEGK
UniRef50_A5EV96,VICGQSGVGKSSF
UniRef50_O13706,SPPKVVRKNKRHHTTV
UniRef50_P25359,ITGGIIEETSAAIKDLDDFGEEELFEVTKEEDIIANYASVYP
UniRef50_O83048,NEGGVSLAVPTSDLRN
UniRef50_Q59Q38,SVIEVHECKKCKQKIEFPRINNPVTLLTTRRGRCGEWVNCFMLILQALIGGGDDDSDRIRYVWNQEDHVWCEYYSLSSKRWIHLDPCEGVYDEPLLYCNNWGKRMSYVIGFNYNYMIDLSDKYIVPEKQIPKN
UniRef50_P32588,SDRVLYVGNLDKAITEDILKQYFQVGGPIANIKIMIDKNNKNVNYA
UniRef50_Q8TRT9,RGRVINETKNMLVVENSQSRELKIPKADSEFLFRIPAELSEKGRRSDTFVKIQGNLL
UniRef50_Q29PZ1,RFSSCCMCHVMKKLLSTVGVHPTVIEIDDGEIAY
UniRef50_B0FRH7,ELDLDNVVTMKSAEEIKNKPSTSAS
UniRef50_O13658,NRSFTNPVGMTEEHFLREYAQHSVANP
UniRef50_Q6F0S4,IFKGKKVKYLNDNDAFSIFYDLTYYSVVYNKQNG
UniRef50_Q8CG76,YEDKDGKQPVGRFFGNNWAETYRNRFWKEHHFEAIALVEKALQTTYGTNAPRMTSAALRWMYHH
UniRef50_Q9WZ15,QTCNIPVSSGLGSSA
UniRef50_O60039,LKAEREARLLDRNGARRRLEERDAENKRLRAQLDRQRLRQGVSTETSTDDGGHGPPSEPTTGDE
UniRef50_A6X307,SDQDQQKCIDVGSHN
UniRef50_C1F3B3,AGIDSIDAAEMLRGLDVVI
UniRef50_Q9X405,APPLSGGLDPAQARDAADAVRNAIYRATILLDSQKW
UniRef50_Q83L15,AQIIKTYYVEKGFERIVAGCPVPIV
UniRef50_Q12182,VDLSTELISHIYHEVRSKFAHEIVIVNIDNDS
UniRef50_Q80ZW0,GTKSPERKRRSPVQRVLCEKLRPAAQAMDPAGAEVPGEAFLARRRPDGGGGDVPARPRYSLLAEIGRGSYGVVYEAVAGRSGARVAVKKIRCDAPENVELALA
UniRef50_A9A148,SLDDVLDRLRIRGTISESSNESVPHGTHHSFILKINDGITISK
UniRef50_Q99J10,LEAARPSAVLDLVHSA
UniRef50_O13728,EWVKEKIDLESLLGTIQTNLKTYQLRKYEPPAGLKIVDLERQWKDFLS
UniRef50_Q84WV1,SLKRESGSKVHHGNIQASKAVADIIRTTLGP
UniRef50_P53255,CGRLSGSEVVDELAKKL
UniRef50_Q88X36,FKTTNKNEQDRLFETLHDVVTSIDRVEFM
UniRef50_P0A984,KGFIIPSDGRKEVQVHISAFTPRDAEVLIPGLRVEFC
UniRef50_Q9S7A3,EIKVLLFARARELTGVPDLTLKMPSGSTTQKCLDELVLKF
UniRef50_Q9I4K0,IGYMPGPLPWLVGENLQKLGVK
UniRef50_O74844,ENEQKSYEEMKQNMAINNSRLADLKSKLHPYLKKGLKISHDNFSDS
UniRef50_O33777,KPRNDYDLIVFPGVGAFSAVAEFILRYRELFNDLR
UniRef50_Q00648,EQARKLRLLTLLSLASTIKPLTYEALMTSLSLSAPSELE
UniRef50_Q9UPY3,ETATDLVVLDRYTSQPCEIVVDCGPFTDRSGLYERLLMELEEALNFINDCNISVH
UniRef50_Q12180,NAMYYYHKLSTICSGTR
UniRef50_Q9Y4I5,EAFQPKIGKGQLGNV
UniRef50_Q54R65,PVETKIKNKIVHTA
UniRef50_Q54Y96,ISCSSDGKIKIWDAKSSDCLQTITPTSVVTVRDISIR
UniRef50_P26900,AFINEDGIEYNKQVTEPENDTFTVDTSLCTDVCLLK
UniRef50_Q04195,NDSNSNNKHDHGSRSNTPSHNHTKNLMNDNDDDDDDRLMAEITSNHLKSTNTDILTEKGSSAPSRTLDPKSYNIVA
UniRef50_P60866,KVKGPVRMPTKTLR
UniRef50_Q4PCV8,LTNIETIWKDYDAYEN
UniRef50_Q8N9I9,EEQESTCPICLGEIQNAKTLEKCRHS
UniRef50_A6H687,ECASSTHTPTMSGCKLPM
UniRef50_A0NEF7,DEARLLQVLDAVRSVS
UniRef50_Q663J7,MTELADRSQHLTDGVDSSKDTIEPPRPEELLLPREETLPEMYSLSFTAPVVTPGDHLLATMRATRLASVSEQLIQLAQRLAVEL
UniRef50_P87308,VYYVDCKRAHRSLLRYIQAIQDEM
UniRef50_P34160,FNRNNDGLRTKVEELLAYVEQNYLVKTTDINLLREYNGEPPYEMV
UniRef50_A9B4U5,TMLAKTIMEADEATTFQ
UniRef50_Q8WUF5,DTVICMALVQHGAAI
UniRef50_Q8U126,HSFRKNVRVYTVLYGPPDPPKTIRFEGAKIKPKTLNPDEVSTAKLIGKI
UniRef50_Q1LV19,SLGVRQPKENEILLLSSLEPPDSCQHDPSHPQSPRTADVCLVHCSCGRRPTQTSSIIFEINKFLIGLQSGQ
UniRef50_O66930,IRLSRYCRYDTEDYLHSYVHGGGRIGVLLDFKAPELNDQVLRLVQDV
UniRef50_O61122,LLKGLEYLHSEGKIHRDIKAANVLLSASGDVKLADFGVSGQLTDQMTKRNTFVGTPF
UniRef50_Q09868,ENRYGRDKFTFSDAAVNSAGMGGSGIFSHNNADDGLGDGSSTVLPSSLK
UniRef50_Q9FJH5,LDPVKLREKLEEKTKKKVDL
UniRef50_F4I902,YDEALQLFSRFAFK
UniRef50_Q6KZ23,VMGGTEPGHTTDTVAMLFAERI
UniRef50_A9A331,AKMLGFDDVVENSIDATSTRDFVAEYVSMVSILMTNLSKIAEDFVIWS
UniRef50_P46680,YQGPPFKFSASDRT
UniRef50_A3M0M0,NPSTKSSTSRYAEVSGTATKPSDSTAIALYTGEAPKPTGVVTNTTLSNKRAKKLARNQKYIDQRKNEGLGKEHEMDVEVE
UniRef50_Q9V6L9,SQVCKSWYHFLNDENSDVWRWH
UniRef50_C5MBA7,GSSADEDENKGEGEQPKPRKAVDSSKFL
UniRef50_Q7V3M6,FENSIHRKWIQNLLHPLIKEKMIEKCNQFDKNKILLLVIPLLFEAKFGDICTEIWLVKCPKEVQ
UniRef50_Q9LM92,KHAPMFKRLDARIKGKSS
UniRef50_Q9XHH2,KKLDGMPVDVDEREQAN
UniRef50_P45349,ICSKNHSLAEKDIWEAEDFIDETWVTYPVPDDML
UniRef50_P43534,FQSLKGKKIGYVGEFGKIQIDELTKHYGMKPEDYTAVRCGMNVAK
UniRef50_Q9UTG3,SLVSNASLAPFIVEGNGIKNG
UniRef50_Q7RTN6,VYLSGLRSNLS
UniRef50_Q6YQV6,MNLTSIISLSDVCYKHFYD
UniRef50_Q7ZUS4,SNILYMFYEDMVEDTGREVARLCSFL
UniRef50_O60166,NKMEWWSCVIKGHPSIDIGSIEPENSKLSDLD
UniRef50_P91477,MDREYKKDMTEAEGLALMNKCIGEAKRRFVANIPG
UniRef50_P49230,GTACASNIAGLQQTGVVI
UniRef50_Q54J98,ADNYVTEREWDSNLGRIHTMTSVRDHAWIASSQSVSLWNKAGNLVKEFP
UniRef50_P13696,QVKYGGAEVDELGKV
UniRef50_Q5NPY8,AFGFSYVKNLASKEDIQRI
UniRef50_Q9Z7F0,RERFVLIHRFGL
UniRef50_P59305,TDKAKTLSDEEIRAVWSKAYEGQDFMVLL
UniRef50_Q24185,PDLQRIAEKCDLGELERLLQLVLGCAVNCAEKQSY
UniRef50_O77203,YNIKPPPSSSSSSENKKDNVRLLNPEKVLKTMSREYFTMLGTLSSNLLGLEILARNNIFDYI
UniRef50_Q9XWF4,ISLVQDFIRDLPEEVAEPSHVADDVVTPMAEEIDDMNIRH
UniRef50_P53859,AATFSVSQASSDLGE
UniRef50_Q5V2X7,TAEAIVRTRRGQTNP
UniRef50_P94504,LLQYFCEHPNVVLSKDQIYEKVWGYPSYGDNNTVM
UniRef50_B2JKH5,VRDGLRAAAMKPIAAGATLVNGVLHNEDADQLDAAANVLLPPDIRTPFMLKEPAAPHIAAAHESVTLDMARIVDAHEAALQMADVVVVEGVGGFRVPLTDSHDTADLAFALNL
UniRef50_Q8RY29,IKRREDITGLRS
UniRef50_A9BHV5,EQMDSVKFSEFYDRTKTSSQGKHINFIVGGPLGHSDKIYNKADYILSLSKMTFTHEFAVLILLE
UniRef50_Q8INK9,DSDNPDKRYSGPAATMD
UniRef50_P94870,IRIKLLNVPMEYLTAASIAQLKDGE
UniRef50_A7UL74,NGVIVCEEEAKP
UniRef50_O60760,LLTYNAPHLMQDLDTYLGGREWLIG
UniRef50_I3R636,ACTETIRAGSDRLKDVMSTLGVNVLDGREVQAHAGLDAFSNVN
UniRef50_Q8IYA6,KLLASKGTFDVIGLYEEAIKNGATPIQELRKVVLNILQDSNRTTEGITSDSLVAETSITSVEELAKKME
UniRef50_C5DDJ3,WTKPLSFLNQFDQLIQHELEKKLNWDDVASPEKTPGAESGTLSGRSASPASYNNGNSNNN
UniRef50_Q07171,IYPKTNYGKFYTGDSFIVLNTIENKKDKKLSWDVHFWLGLETSTDEAG
UniRef50_Q9CGL0,VDNARSHELNLQYRETDR
UniRef50_C0SP86,ALAQAETVAKESEEPSESIINNHY
UniRef50_P58315,FEWKMFEELAR
UniRef50_Q0P4K8,GPQPCTPALLWAPHRLEGLSQSQDGL
UniRef50_Q8X7Q1,SAAKLEAMGLRTCGDV
UniRef50_Q31IC8,AQQGGAFYDPMCGSGTFL
UniRef50_Q9RWM6,QEQIRADMLEHVIPAVIPAELLNEQTRYFINPSGRFVI
UniRef50_Q5BGH1,KEFEEEDKYAVDIANTAVVEKRKRVLNEWVAWLKREKELL
UniRef50_Q6BJD8,TNRELNNKKQEENTGEENNNEN
UniRef50_Q8WYP3,NGALCFINPLFLKVHSQDLSGG
UniRef50_Q00278,SRGIGRGLIEAFLQRPKSTVVAWLRNVRTATPALSALTVAEGSRMIIVQLNSDSETDAQAAVQTLREEHGVTHLDVVVANAAMATNFGPASTMPLEHLQAHMMV
UniRef50_P0CO94,HAAPVGSTLRALEGKRKQELDEIEERKKRQKKGDGKSNQTQQ
UniRef50_Q9BQ95,TCGAALTGTSISQVPRRLPRGLHCSAAAHSSEQS
UniRef50_Q23261,LIMKETGSECVIHTHSKCANLITQLIKSNVFEISHQEYIKGIYDP
UniRef50_Q9FJT6,AVPTMFKREDYKLTIH
UniRef50_Q12383,LHGDDNNGCNPKLKAICIAMCCRHVCDYGDYVNRSYVTSLVEKYR
UniRef50_A7I9P7,EHHADSTYPVVSAASIVA
UniRef50_Q1MPX3,YMNCLGITNVLSFPMDD
UniRef50_Q3U0S6,LGSSRLRLTGPVTDDALHRELRRLRRLL
UniRef50_A9GP79,PPPARRAGKAGSG
UniRef50_Q9KUT4,FKALLKEERFGSQ
UniRef50_Q75K24,TGNQQIRSLTSY
UniRef50_Q9ZQ18,VKRDFVCLYCNEL
UniRef50_A6LEZ7,KEYYPALFFDCTDYDTLYELMTHDK
UniRef50_Q9UJT2,QLVPEAPRRVTSRAKGIPKKKKAVSFHGVEPQMSHQPMHW
UniRef50_Q64288,LDQDLTQQMRLRVESLKQRGEKKQDGEKLIRPAESVYRLDFIQQQKLQFDHWNVVLDKPGKVT
UniRef50_P0CN21,STYGNCCPDVLSCLHLPADFLVHYGHACLTPTDALPVHYVFPRQKLDVKQAVESLLAASKNELDGDGRKGIVVVWDVSY
UniRef50_Q58Z64,LMDELTLKGVTQYY
UniRef50_Q55A66,LFKDFTKLNARHGVG
UniRef50_Q9NUJ7,ESRLLQLLNKALPCITRPVVLKWSVTQALDVTEQLDAGV
UniRef50_Q9Y6Q1,GCYNNRDTFLQNPQYIFT
UniRef50_Q1IQ53,AASQQKGHTLIPTRMYFK
UniRef50_Q6CIN0,LRNKLSSTDSAQYVKPASCFLSKPWLVSQLP
UniRef50_P13227,SCTGRSRRGCGRRAGRENLIG
UniRef50_Q8BHZ5,METLKSKTKTRVLPSWMTAPVDERKVVSVKTATRKQTAAWAQRVGAATRAPATETVYCMNEA
UniRef50_O34559,GLWYQIVDKGDRSDNWLESSGSCLY
UniRef50_P47729,TTKEKNTLPTLYIANEMKARGFNIQNINL
UniRef50_P46286,TGQFLYCGKKATLVVGNVLPLRSIPEGAVVCNVEHHV
UniRef50_Q4I8X0,QQGASGETQETEEAE
UniRef50_Q86TC9,GWYTLSAKNEAGIVSCTARLDIYAQWHHQIPPPMSVRPSGSRYGSLTSKGLDIFSAFS
UniRef50_P08799,ELDEIKRQYADVVSSRDKS
UniRef50_Q081R7,PVVLDEIQAMSHEAKFCYHFQTRWLEIDFPIKLPLNLDGEPYPTKK
UniRef50_O94670,GLDEDIDEFSSSSEDERK
UniRef50_Q06436,DQDIDLSIQEEILGGNFKLRGRKTQVSINHL
UniRef50_B8CW05,LKVKSLLPDSEEDSTEEEKGKTIVQRLKDYHVFKKVTELFREYEKAAGQIYSKPVNLDKYVDNEVNYEIDIDISELVEAFKKAMSSTDGVEV
UniRef50_C5GFG2,HNTTKSISIYNLEVWGIIPSQSLATQSDGTGSPIEKQDAI
UniRef50_Q21341,MRRSSVVPVADSVQANNECSFWKTELLG
UniRef50_P11804,SVVGGTCVIRGCVPKLTLTGDDTEPL
UniRef50_Q9UTE1,FMDRQRVLWQLRYTNDLASTNKR
UniRef50_Q7S7L4,ERTIKGHTKAVLDVDFGGPRGG
UniRef50_Q1LSK9,LRIVPKLTFVYDQSLSHG
UniRef50_Q13316,EEVKSDSTENSNSRDTGLS
UniRef50_P9WGN0,KVQALDAGADDYVTKPFGMDEFLARLRAAVRRNTAAAELEQPVIETDSFTVDLAGKKVIKDGAEV
UniRef50_Q6AL71,TKPPELPEYNKELLSRVVRSAFSQRRKTILNTLSSASFFFAEKENKAKNKAMTEKTIEKAGFAVSLRPEVLS
UniRef50_Q9Z8Z1,QEELCAKLLAQGFATTQSSVSRWLRKIQ
UniRef50_Q60780,EFIRERIKIEEEYAKNLAKLSQNSLA
UniRef50_P9WPZ4,AEMSALATRIGAVNLGQGFPDEDGPPKMLQAAQDAIAGGVNQYPPGPGSAPLRRAIAAQRRRHFGVDYDPETEVLVTVGATEAIAAAVLGLVEP
UniRef50_O25386,THLNNEELEKFLESIDKIEMSAKVRARNRLLIKIIVFTGMRSNE
UniRef50_Q9FNY2,LNVLMAMDIISKDK
UniRef50_O68575,ITVSGGEATLQMDFLIALFSLAKEKGIHTTLDTCALTFRNTPKYL
UniRef50_Q03Q51,DHFTRTANRRDFT
UniRef50_P54512,RVSDIAEALAVHPSSVTKMVQKLDK
UniRef50_O75604-3,TRELRDYCLQRL
UniRef50_Q88WG8,VHQYLQPGQTALLIGSETLSRLVDWHDRSTAVLFGDGAGGLLITAKPNTTTGHWLGGHYATF
UniRef50_Q15633,QELVVQKGWRLPEYTVTQESGPAHRKE
UniRef50_Q8CDF7,DTQVADVLQFSMETGGFLPNCISTLQESLIRHLKV
UniRef50_C5DGQ7,PTNSVDPNNRPPLRQGDFVHTDTEIQSESSNPP
UniRef50_P75713,GGNQQGFGGEGIETFLYVIS
UniRef50_O60077,CIMQEKDVDGNVERVYACCAALRHFMIPVSSRAHFAPTAILLQEKLASSRFTQLH
UniRef50_Q6F8H8,LKTSARIFVPLSGKTL
UniRef50_Q21MA1,RLADGREGVVASDDISGMERSFALLAGVVTGVFVCSVLGEAFNRRLEALCGQLFGVPPHFARV
UniRef50_Q6S003,LETNIKLQNEK
UniRef50_Q19906,TLSGTFLLHQINDALKQITYKRLMVK
UniRef50_P43569,WRVLLLDEVTVDLDV
UniRef50_Q9YBY9,LAREGLRLVVVHGGGKVVDEYSRRMGVEPR
UniRef50_Q3UK10,GQTQVDTPQIGDMAYWSHPIDLHFATKGLQGWPRLHLQVW
UniRef50_Q54X97,NDHLPIAGGQHHGHQ
UniRef50_O94650,DFKKLVAAQTGTDP
UniRef50_Q0MW30,PGGDVLLAVNGRPRGRLLCVD
UniRef50_Q58293,DEDILKSILNIE
UniRef50_Q9HFJ5,HGWASAVEQWRRR
UniRef50_B2VDB1,LYPLPEWEIIEQKLSRLSSMNPAERRVQRLLLGHAS
UniRef50_Q8SVI7,ARGKLVNLQGSLCTGKESNVYL
UniRef50_Q8WWZ3,MSYDELCFLEQRPQSPTLEFLLRNSQRTVGQLMELCRLYHRAD
UniRef50_Q6MJP9,RVALATDFNPGTSPTQNLNLVGLLARLEMK
UniRef50_P31949,FQKYAGKDGYNYTLSK
UniRef50_A8F7B3,EYNATLTYKFVQDDSEIDIGGKEKYIAVCR
UniRef50_B9WL71,REIPISLMQLIYKLLKSNGKFKGDLPLDQNLDVLMTGF
UniRef50_P52076,VLSRKLIEEKLYTW
UniRef50_P71403,TDWNMPEMNGLDLVKKVRSDSR
UniRef50_Q8RFE4,NTAKLPRVKFTTPSSVLGTDTMKQIQAAIF
UniRef50_Q8N9W6,NDRAGVSKGYGFVTFETQEDAQKILQEAEKLNYKDK
UniRef50_O74516,KCYFMSIPCCVHDLTGAKISWALPKPRNPKHGGRYAMYIEWLMQLSEEVGWNIEV
UniRef50_B8HPV7,GCFQLPEGYRQPVLVSGADGVGTKLKIAQALNQHHTIGIDLVAMCVNDVLTC
UniRef50_Q7Z6E9,SSVGKPASVIKNVSTKPSNIVKYPEKESEPSEKIQKFTKDV
UniRef50_P17052,ASVVVLGGGVIGLEVASAAVGLGKRVTVIEATPRVMARVVTPAAANLVRARLEAEGIEFKLNA
UniRef50_P45947,MAEGWAKQYLGDEWKVYSAGIEAHGLNPNAVKAMKEVGIDISNQTSDIIDSDILNNADLVVTLCGDAADKCPMT
UniRef50_Q5AKU3,KSEDEIIELLFERVVVDYQKN
UniRef50_P81021,QRQLLSQGREQTVKLLRHRI
UniRef50_Q18GB5,LNIIEGDALEVTLP
UniRef50_Q9H074,KYQELLEREDFFP
UniRef50_Q9UMX2,EYVEEKTNVDSVFVNFQND
UniRef50_Q3IF34,ILYSLAKRGISSQLFCQDAAPAMGASHN
UniRef50_Q05636,TEENIKGETNSEISIIDATLKEELLRDGVLTVTLNKNREVVQVSKAGGLPMDALTLMKCCHEAYSIIEK
UniRef50_A1JS59,LSDGVLQLLPQQQPEKILARN
UniRef50_A5UZG3,REKTRNELIEAARKN
UniRef50_P33160,SISVAEHVVMMILSLVRNYLP
UniRef50_Q8RF94,KTMDMKFVDIDKVIEAHEKKSINDIFHEKGQIYFRDLEREI
UniRef50_Q9US36,IAEIFEKMTSTVE
UniRef50_Q9M811,DVLYADQLTQEPTNNAPSKNRYSLKENEK
UniRef50_Q0IHJ3,EKQDEVLTPVVTSKDPF
UniRef50_O64587,KPLRKISAAFKKLAII
UniRef50_Q54LV1,ITDSGFIVMMIKKPREAPATTPAPSTTPAPSTTSAPTTTTTAEPTPTTSSTNNTSTTTPTSVPTPTNNTPATPNPTPTTSSTPGSTSTTSPQQSSDFATGTELEATIKNITDMGFARDQVLRALRLTFNNAERAIEYLVSGNIPAANDPEDEEEMEGGGGSGDNPFEALRNHPHFNLLR
UniRef50_P56195,IAAHEERFGLDNLYAL
UniRef50_O05974,LAGYTLGAADLLRRAMGKKIKKEMEEQEEI
UniRef50_P38903,RIYGKFLSLRSFIRRSMNNIFLQFIY
UniRef50_C7GRQ3,KLVLEKLEKHSSLYKYIASVTTLNIEGLNEENANFSLKNDIGASWESKK
UniRef50_F4K933,LPDMEPCNKRPVPGRKRCEDHKGMRINA
UniRef50_Q5ZZ80,DRRCFMPGIVLACQKVLNLNNLVYG
UniRef50_Q6CX98,AVVQDIGQDNTMALNDIASDNNHLQHVPDDDSALDSLVHGIVQ
UniRef50_O94271,TSGTKIVKCGHRSCPICWDSIRLRDVHPIRWVEDKE
UniRef50_Q9BKZ9,KRRIEQDEMSEREIEDVAMIENGDTYHKPVRFAVRS
UniRef50_P42454,GANPTRLAIAGDGSDDIHVV
UniRef50_Q9VZI3,PLEPEHLKKNFSKLPQRKIPVA
UniRef50_P14898,HGYDIEDYFEIDPIWGTKEDLKKLVREAF
UniRef50_Q8IZW8,TEPQENVCHLFAEYDMVQPASQVIGLVT
UniRef50_Q2FYR1,KENRRDQMMAKENKSDKQMKKIAELDKQIDHDQHELLNASELSKTDG
UniRef50_P30334,DEDEVTGYSPVII
UniRef50_B8J1Y7,FVLAPVTVSPEGEVEDENQPPVRLPWEAVRRATRMY
UniRef50_Q13895,PARRTLADIIM
UniRef50_Q9CI70,LFFERFLNPERVAMP
UniRef50_Q47C26,MLNRAILMHHYGVKGWDIPAGYLCPPIP
UniRef50_Q9Y7U9,NAKLALQLLYSTNTYQFTFDTLPAEKEFQIPKALEATESLFQSLALTFPKLMKLSEDEKIGLWL
UniRef50_O14368,RTITIPAKIDA
UniRef50_C5DWK1,GFSWGFKSDNVMKCQEQEEQQARE
UniRef50_B4SH48,DELKEAFVAFANKVPFY
UniRef50_P15496,LGLKGKLDDKIKGAITAAVRKLDHELGIPE
UniRef50_Q9RD25,CGPCKQFGPVYEKAAEANPDL
UniRef50_Q6ZS17,PDPSESTVQSLSPTPSPPTPAPQHSDLCLAMAVQTPVPTAAGGSGD
UniRef50_P25569,EELSKQTVDPKNFLIPRI
UniRef50_Q03Y28,TFIPNYELLTTEARNALPAKMTFKDSVAASAISNTLTAALNA
UniRef50_Q08977,YASLSTVESLLEHLNESN
UniRef50_Q2JTV2,HGPGQWVGYALLNLK
UniRef50_Q49YT7,HAYMAMAAFCDDNSYEGFANFYI
UniRef50_A8K8P3,RRWKENTMARVDEAKKTFQASTHYRRTICSKVL
UniRef50_Q2J827,NRTLLAGHRVVYLEVGVSDAVRRVGLARDRPLL
UniRef50_Q7V958,RAIGDPVSQAKIYEAQLADELV
UniRef50_O42654,NPTGLHSLPNLPNFSEAGSA
UniRef50_O59028,DRLFSFIVRVLTKLGVPEEDAKIVADNLVMADLRGVESHG
UniRef50_Q7UMW0,SQFDRLLLIKGPKWVDERGEARHHGVLKGLELRV
UniRef50_Q9SUV9,ATASTSVDEAAKIEMEEL
UniRef50_O60057,EASGYSFDRTPHKSDIQA
UniRef50_Q9BY77,NRCLDGQPMKCNLHMNGNVITSDQPILLRLSDSPSMKKES
UniRef50_Q9XUC2,NSFMASVLKMDQRQM
UniRef50_Q8SS01,KTLTILTQEDN
UniRef50_A6GYW0,KIFTNREIEILQSIPSSS
UniRef50_Q12532,LSNIYNIADSSKQFLLKFNKPDSKLNVVVDCGLRIYLTEFSRPIPPTPSGFVVKLRKHLKAKRLTALKQ
UniRef50_O60140,QKQNTTQTKTTISGSEQLFNDEKPKKIIYSKGGNDGKEDDLQNVNEPQDAYSNDHDIQSKDTELLGNEYCLEWKNPHLTNVGTLKAPILRLVIKCVRCHYGSEISIATKFSLVCNKCSN
UniRef50_Q7JXF5,ANLTTETKTTDS
UniRef50_P47633,NKEEVSKKGIITSLASNDKSDANANKGIVIALGAGPAYGKTEKPKYAFGVGDI
UniRef50_A8G4K6,KSTHDQEGRCILPVLHTAGGLVGGDLLEFEVNLE
UniRef50_Q800L6,EHCRPLAGECMNKLKCGAAEAEIMNLPERVGT
UniRef50_Q8NBQ5,TQDPQIEKTFEVNVLAHFWTTKAFLPAM
UniRef50_P80734,KEQRAELAKHHLDVLWSDYFKPPHFESYPELHTLVNEAVKALSAAKASTDPATGQKALDYIAQI
UniRef50_P52554,KRLEFIDSETKRVEASI
UniRef50_Q95XR4,RALLNELSDVRLELGS
UniRef50_Q03331,ENNGKFKLNNYIS
UniRef50_Q5YYX3,EPVVARRPGIFEDGGPLSKITTLRPRDYSEARIIG
UniRef50_Q9CAJ0,LPDENSNHLVKGRSVYELDCIPLWGTVSIQGNRSEMEDAFAVSPHFLKL
UniRef50_Q5A2K0,KEKEAARLEEERTKLMVNDDDELARQIE
UniRef50_P24309,FEQDIKEGKLGSPVTWQLLRDLRPQWWLSAHLHV
UniRef50_Q9SZY8,LMANLSFGNTDRLGLRRPKTGPLELKN
UniRef50_P32656,ELGEALEQLPRHNKSGKRVLLTSVYIGTIDNEAFVGPETVDET
UniRef50_O31517,WTVLAVEENAAE
UniRef50_P0CS10,LAEGYAAGTLSEADKELVERRRRVEKERK
UniRef50_Q6ZNW5,PQSPFDAALCSAWKQRVELGLFRYRLRELQTQILPGAVGFVAQLNVERGVQRRPPQTIKSVRQ
UniRef50_O75891,VRSVWQRILPKVLE
UniRef50_Q7ULM9,DFQKSVKLIERCRFKN
UniRef50_Q9YAW4,EDLLRESDILSIHLPLTDETRHLIGESELKLM
UniRef50_P53904,AEGIPSMEVISEEDYLRRDQSVLRWKMAHGYG
UniRef50_Q1ZXI2,TPKEIINIGMNNTANTTTTTTTTTTTATTN
UniRef50_O59737,QKMEFQDILIFLQSIPTKDWSTKDIE
UniRef50_Q4FLQ5,KIIIKDNNIGGIIVGNPVNMDGSLGRSAQSVNDVASNISKSIDLPVILW
UniRef50_Q9C9Y6,DRDGKIVVANFSATWCGPCKIVAPFFI
UniRef50_Q99MR6,EKEEAEEALKEKEKPKEEEKEKPKDAAGLECKPRPLHKTCSLFMRNIAPNIS
UniRef50_Q9BXT5,SQESFHQSINENLVLQSIELESEIEIELEDC
UniRef50_A9WIJ8,LSRIVNVHVTIDDSPLTTYH
UniRef50_Q9FF86,WHFMSSWAEICRGAQS
UniRef50_Q06709,ERNVKHMFSEHGLFIPERSYL
UniRef50_Q7TSG1,QKIAVPAASHHFCFSVDLRSVHDLELSFPVNCILRY
UniRef50_Q8GHB2,VSRAIDAGLLDAAHPTLAVVDAWS
UniRef50_Q9NWZ3,NNTTVAVKKLAAMVDITTEELKQQ
UniRef50_P40408,AAALHPKWTSYYYQHYSTDI
UniRef50_Q9QZ05,VGLLKKLGVKLQVSINLGLVYKVQQHTGI
UniRef50_Q8CWI5,TPDLSSKAALIPIKKFSLDAAIIFSDILI
UniRef50_Q6NH03,QGKPCGVVFAELGEPN
UniRef50_P35083,KYMVIQGEPGAVIRG
UniRef50_Q2FEJ8,IAKCSEFKPYYLTKALQKLKDLKLLSK
UniRef50_Q9UUE0,HVLSVNWSARVIEQTLLHHTDLTADLLCVHANDFDFDTSTNTTNGRILAR
UniRef50_Q9HCH0,QLEGLPRTPMALPVDRKR
UniRef50_O13996,GHDPENRDALWTSNYNQQNPIFQFLKK
UniRef50_Q9NRX4,KYVLIRVHSAPRSGAPAAESKEIVRGYKWAEYHADIYDKVSGDMQKQGCDCECLGGGRISHQSQDKKIHVYGYSMAYGPAQHAIST
UniRef50_Q8G5F1,PSLQRPATRAARLSAIEQALATHIITSQSQLSKILIDEGIAVT
UniRef50_P42842,GEMEGKYGPGSLVCKDWKYKCRSTIKA
UniRef50_O34685,LISSREGTAEDMLQQPMLFFGAGCSHRDRVKRLLEEAGIHNQKIIEF
UniRef50_Q8BHX3,VTPAMSRLEPSLVKPTPGMTPRFDSRVFKTPGLRTPAAKEQVY
UniRef50_P86230,CLFHREKAIAQLASDRTRRPNIELCRLVNE
UniRef50_Q54H44,LDDAKDTITSIIVNEQTITHNHSHGHGHSHGNNNNNQ
UniRef50_B1AJ32,NNPLFAKRILIDNELEYYFQLNSSREKKRYLASVFACKEAVMKALKLKYGYGDI
UniRef50_A8HN58,MFTSKGSKFLK
UniRef50_Q9CEH4,VQESRPTVASTPKPKVEERKAQPEY
UniRef50_Q5QUP2,RLLSRRRIFST
UniRef50_Q16548,CLDNVNVVSVDTARTLFNQVMEKEFEDG
UniRef50_Q5DHT6,AIKCIISVLQDPCLLSHD
UniRef50_P0C2T1,AMGPTLIGLAMGDAGGYKASDMWGPKEDPAWQRNDPLLNVGKLIANNTRVWVY
UniRef50_A2RV06,AVVLDPTNHFN
UniRef50_O66552,GKIYVCKVRREDKREISC
UniRef50_Q8TYB6,MKDLVVRALLSVLGPTGTGRIGPWLVRSYRDLNAGILRVRRGQEEEARAALSLYRRDPKLGRVFIEVLGT
UniRef50_Q8TC05,DSRAEGASDVENNEGVTNHTPVNENVELEHST
UniRef50_O42936,EAQADSSTMEFQGHVW
UniRef50_Q6MD64,FLQGIVVTLNDLLEDETTAQLLGQE
UniRef50_Q9HJ36,DNTPIYRTVGSI
UniRef50_Q08467-2,IRREIKILQNLCGGPNIV
UniRef50_E2QV03,AESKDDHRHLNQFIAHAALDLVDE
UniRef50_Q1MQH2,PLKNDYRIYSTTEDNS
UniRef50_Q5PR98,AVYPAGYQYASMDQVSEMLP
UniRef50_C4R6H3,SQPHSDITSNSLDRINWVPGIEP
UniRef50_P27369,PLSCLDPYELECLTAVEVVAVSDPALESHESLVRSLRYTERLLSITRLRRAEA
UniRef50_P15373,DADIQNNPQKTRPFNIQQGK
UniRef50_O74763,HSTIIYEGDSTFWKRNGDYTNASPPV
UniRef50_Q1LWL2,RSFVGPNYGFQQQLQEFQ
UniRef50_Q6CB30,QVFKEFDPLKLLFVSLLKQCDVAKEVTLSEEPNLEFDGDW
UniRef50_Q92358,CQGQNKESLIHMEEDASTNFKLRYY
UniRef50_P31908,AVQLYRLQKETETAGVDVKATSGHIKKVVSVKRGVAKQL
UniRef50_P27058,KIEGDDDAQEKLKV
UniRef50_O14033,ACFQCHDELNTHPFLPWRKAKFHIPCVICGACKN
UniRef50_O28578,GVGNEEILAKYCRKVLGGVTT
UniRef50_O25970,SGVADKIPILAGKNLGVQLAI
UniRef50_Q16666,KMNDFMRMQILKEGSHFPGPFMT
UniRef50_O15360,LCCLCEQMEASCQHADVARAMLSDFVQMFVLRGFQKNSDLRRTVEPE
UniRef50_P21938,FQYYNPDEVIGGKKMRDWLRFSVAYWHTFDQRLVDPFGDGTAQRP
UniRef50_P53333,ETFEQNYTQDIEDYETDQLRILGKFWGHLISYEFLP
UniRef50_P34243,KLKNYKQRKENWNEIKLLRKDLKKRE
UniRef50_F6HH45,QNGGLTVEAIGVHSDDSSNMDGIEGSCTVADDTVAAVKKHSGSCEEENGTYDNATVSVVGRRKDRMNKRMRGSESSSNIK
UniRef50_Q9RX08,HAAGVVIGREELTNLVPVMRDTSGEGQVCQYDMKSVEDIGLIKMDFLGLRTLSFLDEAKRILRESGTDFEEKYGDFDHIPFDDEKT
UniRef50_Q12515,PNNNAPIVVGRGGAGNIFFNKKKV
UniRef50_A5DVG6,ETDGLGFEIPYQSIYLHALDDTGMLYLQIENNRLHESDENTVELRLLPNQEDSSSLSNPLF
UniRef50_Q052A1,KVSPNSMDGVSSRDHILEFLFACTQLMIH
UniRef50_B0RIJ4,LPILHRSQALAWLISGQRLVAVAGAHGKTTSTGMIVTALLEAGRDPSF
UniRef50_Q9NTJ3,SMLFVFGYRAQKIRSKKLSVLIHNSDEHKDIQSC
UniRef50_P0C6C1,APASWKAAYEKGQAPHPRLARRGTLPVD
UniRef50_Q03654,SKRQKLIEAQATGTVLTPKELLPHDSG
UniRef50_Q5WL39,VKVNEYTNATTTQ
UniRef50_Q8CV64,KWVDDQQFAEMFVRSRINSSSKGPKM
UniRef50_Q08171,TAQQISLIDGTAERLTPGQS
UniRef50_Q9ZCZ7,VEEVIGQLLSVTGFNSVEQIASSEISTLTRIEGFEEELAVEIK
UniRef50_Q92WP0,SRPEVMAHYRELADVSALPLIVYNFPARTSGFTLPELVELLSHPNIIGIKHTSSDMFQL
UniRef50_Q568H3,LIEKNEAEKVVVVIMNKEHHPVERFVFEISQPPLLAISSETLLSHVEQLLRAMILKISVCDAVLDSNPPGCTFTVLVHTREAATRNMEKVQVI
UniRef50_Q8NQU9,DPYPTPGHAMGLSF
UniRef50_Q19203,KKRVLPVSEQDLPQPAFVTEGYEPKHPLRVYNDVRSKP
UniRef50_A8G7G0,NLALKALAETENIKVEKDEI
UniRef50_B2GBQ9,RHYLTGLFQRHHYTLIETSLLEYRDVFGPYELQAESLYRILEADGQDLVLRPDLTLPIARFLVTTNVS
UniRef50_O60099,KTPEKLQITLSSSDVFTIIHLLQIPDNIKHIELQCFCKVIVAQKLSETLVESMPFTYKHPPVLITRRTPTKTHTKQLSSSGNVSAAQSISSLNL
UniRef50_Q49YR8,LRDAGVEQTIIDVYAERYENEQPMEDIIKVANKI
UniRef50_Q83HE6,KSAMSFLKKSYEPV
UniRef50_Q1RM35,SEMEESSTATQRKMEESEPTATTACKSKALPAVRAPLRGSVVAKQSSAEREREL
UniRef50_Q93PJ5,VESIALISMEIMELAREGN
UniRef50_Q69GZ5,SKLDNLHSEYVKENARIKTLKDMENFSLD
UniRef50_Q6Z6L5,LLDLDLPDELERQLNPPTRAYVRDRRAMANTPMDVKELRASGALVLAVDMPGVAPADVRVEVEDGNVLAISG
UniRef50_P57241,NALNFNFLNLFHKKKQLIRIF
UniRef50_Q23AS2,KRFESLSRIYNKELSQTVTNGWLKPSQAKTISQDNNLG
UniRef50_P0CL22,PVWAIGKPQPARVDHVGAV
UniRef50_A8M9Z9,AWLSHIKSYLPPFQVAYTGNPFVAMLLKEGGVEVRQQPIFDRGKYVST
UniRef50_A3DDM2,NEDNIVDMSDVMVCLGGDGTFLKAARMTVVK
UniRef50_A4FCP0,TTTSPRTQAPPQAGRGVHATARIRATSHDGVTVLPLLRSDGPFHLRQLRNHG
UniRef50_Q20347,STRPTSLSVNGNEKTLPEESVLRSLSTGTLKYPDDEHLYTFSSANLQDLGAIGNGNFGTVYKMRHKETGKLIAVKRIRCNNIGHREQIRLLREHDTIVKSEKGPNIVKFYGAIFSEGDCWICMELMDISMDLLYKRVYMVKN
UniRef50_Q2G2B1,LRKYLKKYFCLTLD
UniRef50_O13859,YFQNYTDKIILKETLMDWEDKEPSLQELTESTKY
UniRef50_B4S7L8,PETDFPESFLQRKLLLVGATEQSAVERRV
UniRef50_Q84ZW8,EYNEGKLNSVSLLVLHGGPMSISDAKRKLQKPIDTCRR
UniRef50_Q54JW9,NNNNNNNNGLIIDTSYDYLIYFKFKYTKEYPSNEPPIISIKA
UniRef50_Q8U2E4,YGKDLLFYKELEAMKDLAE
UniRef50_Q8MSX1,DGMRSGGAVPKSHNFGNYGGPPSSGGPGNNSLPRGDSTNSIKSGRGGFVKQDST
UniRef50_Q09315,IGNIIEYFLQQKLGAIPRNT
UniRef50_O83146,GPNGLLAHLEKRIALRKHAVLVV
UniRef50_P47734,LKMGQTHVQRYLEPLLEKIE
UniRef50_Q8SRU3,CTLSKVMKDKISKDNVEVVVVTQ
UniRef50_O30297,DGFIVATQIGSTGYAFSAGGPVVEPYLECFILIPIAPFRFGWKPYVVSMERKI
UniRef50_Q31GN5,MYQLARGGRYDGIGSEFGSAQLATGFSLDLRGALDLL
UniRef50_Q9VVE5,PAAAYAAYAAGRGYSGYPSFGLPYPTVDLTNGQLTPN
UniRef50_Q09933,AVASIKELNSLLENFGIPALSPIPFYKLIPTLFAQSDKNIRQEASNLSITLYAWVGNAFKTHVFPQLKQIQVSDLEASFQNVT
UniRef50_Q9KKJ5,FWLANHFVPIKLGSHRDQASGCYSLLMVRGEHLDWLEQAKQQFSAHWIFELSDSLQ
UniRef50_Q960N3,QLREHRHTVKKMKFAPTHKYFASSDTDGKIFIFDAVLK
UniRef50_O14727,RTVLCEGGVPQRPVVFVTRKKLVNAIQQK
UniRef50_Q5WE80,PLVLGEKTAYFTIGGTWLALNLQPDIDRKEIRQSYTHIAFSIEESQLDAFYTRLLEAGADILPGRKRQVETEGKSIYFRDPDGHLLEVHTGTLAE
UniRef50_O59679,IALSQHETETRSTRTSCSTTTESTIAMRSKQKAIISVLEEFRDSEAAYVHDLHVAQRYYADRLSDRVKK
UniRef50_Q17389,ADTELQKEDEVPMTATVSLNKA
UniRef50_Q72R21,ILCFMILDFASDSLSAVYSVYDPDYPDRSLGSFA
UniRef50_P30189,KIRATYRDEWKSKEMRVRQRAVALYFIDKLALRAGNEKDED
UniRef50_Q8SRI3,SGSTLNRILEIV
UniRef50_P24094,KVTVTLVDDFDGAGAADETVEFGLDGVTYEIDLTNKNAAKLRGDLRQWVSAGRRVGGRRRGRSNSGRGRGAIDREQSAAIREWA
UniRef50_Q6MSR6,GDRTNVCSSTMHITTKLGMNFVHISPKRYQSPQEWIDIANENIKQANSGSVLVTDDLEQVRGADIVYTDLWWWVDQEDEAEERVKAFKPTYQVTPELMEKAGKQALFMHCLPASRNVEVYDEVIDSDQSIAFEQAENRLTAQMGLLVYYLYPQIDKSSNAVKDYYRGKVEAFMEHQDRSWKQRYTY
UniRef50_O25138,IEIKNIEKILPFLNQLGVSKLSLFYADFSQRNE
UniRef50_Q9LWN0,AELLLGQPLFPGESAVDQLVEIIKVLGTPT
UniRef50_B6YQ14,SESLLSLLRESLSYFYEFKNNLPLPLSIDYQTPRTLGTDRLAAAV
UniRef50_Q12454,RTLRLKYILSLTPEPLSTDPL
UniRef50_P0C624,YETIRIAAAATYLGLDPAA
UniRef50_Q6A7E7,ATEESKAEEKAPAKKATTKKISAKKSAGAKATTK
UniRef50_Q9Y1J3,LIAKSIKEGCPKRTSNDF
UniRef50_Q9KRL4,DEAKLIANLEIAKHLKEI
UniRef50_Q8UEY3,VRAKASAAHQVDLIAIVCIGET
UniRef50_P20294,LQENLQAYRTFQGMLTKLLEDQRVHFTPTEG
UniRef50_F4JUQ2,KGLNKEELEDRLLPHQRLLR
UniRef50_Q9UHD8,PAEAPTAPSPAQTLENSEPAPVSQLQSRLEPKPQPPVAEATPRSQEATEAA
UniRef50_Q7V010,NIIDDCREYVRETGRRVSFEYLMLHGVNDKLEHADE
UniRef50_P72796,GHLAAQTRSVIATGGGVVLRRQNWSYLHHGLVIWLDGS
UniRef50_O94562,IARKQGYHGNTLFALSVGGMKPRKQPYEGVFSHTTSHVSPCFEYRYKENGETTEEYVARLA
UniRef50_Q9Y7K2,EAAGAGNFEITMGKLRCLHALGEWDRLSQLAQENWIHAGHDA
UniRef50_P53058,QETRFLPKLTTIASNETKN
UniRef50_Q08920,QIYELFSKCGTIKRIIMGLDRFKFTPCGFCFIIYSCPDEALNALKYLSDTKL
UniRef50_Q8N427,RIADQCDFEEFVSFMTSGLSYILVV
UniRef50_Q9XWS0,IKLLLDDAAFDQQKLENNCEETCMNC
UniRef50_Q14807,LAYGPTGAGKTHTMLGSPEQPGVIPRAL
UniRef50_A7ZIA5,TRVRRIRGQIDAL
UniRef50_P31539,LIEKGRYDYDLFKKVVNRNLVRI
UniRef50_Q9RUF1,LLATLSEERGGLGT
UniRef50_Q6FQH3,EQQPYGFGVQVPK
UniRef50_Q84UU9,ASVNQTEMDDLWRQ
UniRef50_Q9NQS7,ASKALNVTVDVQSPACTSYQMTPQG
UniRef50_P0A1Y3,ADLGIIGVAKMRFTADRCIGCGACVKACSHHAVGCLALKNGKAVKEESACIGCGECVLA
UniRef50_Q2S0U3,ALGMEVLRNDPPRARA
UniRef50_P75523,LVGDKVTLENGVIVA
UniRef50_Q0P4V4,PTAVGTEKKDQKR
UniRef50_Q0P5F9,GEALVSHPEVPLISFTGSQPTAERI
UniRef50_Q9XWE6,PKKIGLALREQIIGTIPISETDVELDEVIYEGETIIF
UniRef50_P53307,NNIIFIVDFQNFNILDSNMLVSHMTRHLSSWQYPTWVLVLTIRTTVSMHNRCTMRCSQT
UniRef50_P48432,SGVGVGAGLGGGLNQRMDSYAHM
UniRef50_P53727,TGFKCSTEELVDIVEKG
UniRef50_G5EC86,CQAWLESKTCSFADNCRFAHGEE
UniRef50_Q8NNP4,ISLWNLARGIDDR
UniRef50_Q9X404,SRVYTDQEIFDEELEKIFKKAWVPFRHESELPKAYDFRTTSIANEPIIVTRGPDNEV
UniRef50_Q9C5H9,FISSLLHYLTFEVLEPNWHV
UniRef50_P36024,GGMMDWNEIVNKIVMKLG
UniRef50_A8FJU2,NLKNLCVVDVECKKGRYDAFVYLDKMFFNVHEQEKILSSL
UniRef50_Q9Y6D9,TENQYRLTSLYAEHPGDCLIFKATSPSGSKMQLLETEFSHTVGELIEVHLR
UniRef50_Q9BXS6,KPGKNKRTAITTPNFKKLHEAHFKEMESIDQYIERKKKHFEEHNSMNE
UniRef50_Q05924,DTHDNTFGVGNYIYQIFSNNDTEVPV
UniRef50_Q75CK5,PSKGLFSDPVSTSTVGLTTIPVLSTST
UniRef50_B2KCP2,SYRPEDKFKEVS
UniRef50_Q6NUP7,IFTPDQHLRFLEFY
UniRef50_Q18452,IKKLNDIRRRSLISTMDATSTPTT
UniRef50_O32235,QYMVNNDYSLNQLALEIGVSPATLSRVLNGERRPGQLVIGKML
UniRef50_Q8BZI0,EASCSEDMGRWLGLLLVEMGSKVTPEALHYDYVDVETLTSI
UniRef50_Q09LX1,VSIMIGINDVWRQYDLPFMKEK
UniRef50_P25693,CRTLKNFSAQEKDIVNKTSISHSRSSSNMSIP
UniRef50_C1A8N9,EHLLAKIRDEREAQEPAQDP
UniRef50_Q9ZDI0,KGELICTFNDIATRNEAENLKGYKIFCLRTS
UniRef50_P60837,GVSDHLTIDLGEVRGLDYHTGLTFEGF
UniRef50_Q7Z6G3,TKKVYEGGSNVDQFVTRFLLKETANQIQSLLSSVESAVEAIEEQT
UniRef50_Q5NP09,ITDHLASMGAIEITREDYLKRLKSAVSSYFTDKETGNWNT
UniRef50_P02400,GSLEEIIAEGQKKFATVPTGGASSAAAGA
UniRef50_Q9UGI0,TRFQGVYLPLLWEQSFCWKSPIALGYTR
UniRef50_Q7G959,SENRSCRSPKILRVTDNF
UniRef50_P0DOB6,KIRDTSSSHNRTFVVEVMGRNAGDIALNAGIAAG
UniRef50_P42938,PQGSGKSFTSIQIYNHLMEKYGGEKSI
UniRef50_Q96C12,LSGSFAEAQMDLVPLRGLSP
UniRef50_Q6AHF2,VKGLVDLVLERRDGLPVAQRPSLTTLGPWYDVCRPG
UniRef50_Q8SS29,NLKITIQPAGVVGETRSVEIHNKPRSMIPCG
UniRef50_Q9I9N6,VNFIDEHWKELIDRVNNV
UniRef50_Q3Y8L7,EEVFTLEGHKNVVYAIAFNNPYGDKIVTGSFDKTCKLWDAYTGQLYYTLKGHQTEIVCLSFNPQSTIIATGSMDNT
UniRef50_Q9KT59,LSNLSFKDLMPVPPAVAEYSTGLSM
UniRef50_O54788,GSRLCLYEDGTEVTDDCFPGLPNDAEL
UniRef50_Q08726,GYIFGASEVGGDTVWAEASREGALIANY
UniRef50_P49021,KLLYTSKEAFTEARSTK
UniRef50_Q04429,TSLSTDMNEDKKM
UniRef50_Q2Y796,QLGSDRWAALVAAWVLERQGCLVVDAGTAMTVDALSDTGEFLGGLITPG
UniRef50_Q6A9H7,RRPRRLLWLADAATPQGQIVIDDGAVEALTQRHSSLLAVGVTRVHG
UniRef50_Q9BRA0,TDGRTLVGCFLCTDRDCNVILG
UniRef50_Q8BVM7,IAANLEKLFQTKLAEAEEKHKYNIKTPTEE
UniRef50_A8F732,RAIKAADEGNLILFVLDATTPVDEN
UniRef50_B2GI04,ETYMAAEQLEDRESFSA
UniRef50_Q9UT55,DPESFGHECFTRRWGIILTGI
UniRef50_Q980W9,PEISKKIAKIPGVEVVYETTGDYDILVIVRGTNITSINRTIDEIRSIQGVVG
UniRef50_A8GLJ4,AGMLAGLKHAATEWVV
UniRef50_Q6PGH2,STPRGEQSDKGSSKEVEHAKIP
UniRef50_Q5AL10,FRTWTPTPPERGSFPLDHDGECK
UniRef50_Q8ZY14,GGLVNISVISKIAEILEGRCELGGGLRSLEAVERALSLCQYAVVGSLPFKNWPLFRRAAELYRDRLA
UniRef50_O24872,ITLEENMLDFALKLKAK
UniRef50_Q9Z873,DELISLADSCGISV
UniRef50_P56107,TKSPKEAVILLNMGG
UniRef50_A7RT29,DSEQQPVICLESDACNLLIKSQNKVTI
UniRef50_Q9HLB8,PMWANIISEDA
UniRef50_Q9USJ6,ADGFVFVTPQYNGGYPAILKNALDHLYHEWNGKPLLIVSYG
UniRef50_Q2FEZ8,IFVEFDAASQGLGILLKEQGHDLADYIFANVGTGTSLHYFDGQSQRRVGGIGTGGGMIQGLGYLLSQIT
UniRef50_C5DJH5,ICRQQNQLVEQGIIGDAIDINIEEMR
UniRef50_Q9H7D7,RKYQGVTQGFYTIHSCFGGH
UniRef50_O94548,NKQENVGAGDDEDASESPMVRVTHLLLVIQAFT
UniRef50_Q9US52,GYENFDYAFSMHLRKHVRLPNYKSVQC
UniRef50_Q88YC0,SVAVNKNFGMLSFML
UniRef50_A0KYQ6,STPGQDYSAFMATLAEQ
UniRef50_Q6FJ48,ELDPNAAVKKNKQRKVHQRVVDVFQALTNE
UniRef50_Q2UCC9,FSETKVSDPPAK
UniRef50_Q9LZ98,GGEWRRDVAFAGFEVPIQMDISAEKMIFGVAGIDPQRRDELIKVLD
UniRef50_Q8PFZ0,IFPGDMLLKNFGITR
UniRef50_P78371,EERAETARLTSFIGAIAIGDLVKSTLGPKGMD
UniRef50_Q9WYG8,VPMIASLGGDSFEEYLEVARVFKKVADRFYAVEF
UniRef50_B0UBI6,LAGDPRAAEALNDLALALA
UniRef50_Q56P03,RKLIRECLTGESESS
UniRef50_P59328,PKPRSKQASAASYFQKRTPQADKTEEVKENPKSSSSDAPAVCLQNSEN
UniRef50_Q94CV1,DDEQQQLQEQAPYRRVAKESVAVAVESAEPYED
UniRef50_P38935,TVVEIILQAVKQGLKVL
UniRef50_Q0D1U6,DLGTQVKEVVEEFSADLAKRTCAAC
UniRef50_O74389,ISQISLSPTADLFSSFKIT
UniRef50_P59698,QTNRKPLIIIAEDFDPELLSILIVNKLKGNLPVCAIKAPGYGQQCKETLEDIAILTGATLVGDLLGI
UniRef50_Q965S8,RDSSQMVEGGESFFYSQFDVNATTALFTQMDDLVTIGFESGLLQQYDLRNPDTPIHTNESVHRYSVQDLQLSPRGDFLISASRDKTAALLDVNDLKKLKQYKSERPVN
UniRef50_P62642,GERVNFSRPSIDVLFETASEVYEDKL
UniRef50_Q9SV36,RKQMESELSKLKKNLRESENVVEEKRYMKEDLSKGSAESGA
UniRef50_P0A9A4,SLNGTATFLRAQAQSNVTQMMRMFNFMKSVGATPIVKAIDVPGEKLNSLEELFQKTMEEYEQR
UniRef50_O14262,LEDYGIDHLIDIYAFSYDVGFEKPSREIFDYAME
UniRef50_O13632,EPIRWMQPELELGNL
UniRef50_Q9H4L4,LREEHVTCVQSILDEFLQTYGSLIPLSTDEVVEKLEDIFQQEFST
UniRef50_Q8K057,KHQELVSCVGW
UniRef50_Q0V967,FVDILCKLMRKDM
UniRef50_P34808,HEAMTRQSGSPEP
UniRef50_A5EV80,VMRTPSDALDTQFWQEAETHALVGL
UniRef50_Q8RY71,VGDKLYSFGGELTPNKHIDKDLYVFD
UniRef50_Q9CQ84,GKESVATLKKLVSQHLQ
UniRef50_P55473,RLREFAEGIRKPTSSLKVHRQIV
UniRef50_P02215,FSLLFKQFPDTRNYFTHFGNMSD
UniRef50_Q5JH53,GAFVSGSGPAIFALGEDLHA
UniRef50_Q6KHR2,VSILEENGKVAIITFNSIEDRIVKKYFGSFIKDDVLAFLPT
UniRef50_A2BMC7,IFLFQLPGGSWVVVRGEEIAGS
UniRef50_Q04093,TLWDLPPKFPEKPVHLVIMTHGIFSNIGCDML
UniRef50_Q1IVQ3,AEGVIGECWRTERTVY
UniRef50_P59307,GRTEDSGYSYTSVYENFRAYKILSHQHEP
UniRef50_P07023,RRVMRESYSSENDKGFKTLCPSLRPVVIVGGGGQMGRLFEKMLTLSGYQVRILEQHDWDRAADIVADAGMVIVSVPIHVTEQVIGKLPPLPKDCILVDLASVKNGPLQAMLVAHDGPVLGLHPMFGPDSGSLAKQV
UniRef50_Q2GAU0,CGLIGMRNVPDDQAHPFLFAEGPRILF
UniRef50_O94564,ANIRGIFVGSVSMFRDM
UniRef50_Q9BV38,LQRKDQLQQKIMCPGPVTCLTASPNGLYVLAG
UniRef50_Q7UGZ7,FAQRELSATPVYKLIRETGPDHRKMFLMGAMVDDRRFAPAWGNNKKDAEQRAAANALAELH
UniRef50_P53667,GTLRGIIKSMDSQYPWSQRVSFAKDIASGMAYLHSMNIIHRDLNSHNCLVRENKNVVVADFGLARLMVDEKTQPE
UniRef50_P08153,PTIPGSVNNTPSVNKVSLSSSYIDQY
UniRef50_Q9VR35,QATAAAGKVLRPNQQ
UniRef50_P0CQ01,RSLMNMLDQMTSWV
UniRef50_A9KG91,GSKQLITDLLPVADSLIHGLESPASEDPQVKSMRDGMS
UniRef50_Q7VP59,ATKVNFSLQGAYIEFESSWGNGQFHSQL
UniRef50_Q6MQB7,PMYPHKKKSALPKQEMVVFRDLVGHDDDASLVLQEALTWPVKRVVVKR
UniRef50_Q755Z9,LRKAIQTLSHSLAVERASSKE
UniRef50_A5EXM4,YNVPTRTACDIALETVTALAKITHIIGIKEA
UniRef50_A5WDY2,MVEITKVWRDASE
UniRef50_Q76I76,HTPKKNSIHELLLERAQTPENKPGHMEQDEDSCTAQP
UniRef50_Q8EZ61,TITFLGSSGAGKSTIINSLLGGEIQKTNEVKV
UniRef50_O75190,KAYRKLALKWHPDKNPENKEEAERKFKQVAEAYEVLSDAKKRDIYDKYGKEGLNGGGGGGSHFDSPFEFGFTFR
UniRef50_A8D8P8,VVITPERQRRDTESFIDLIIKTG
UniRef50_Q6FIN2,LSHCFDVITKQVIPRVVAYGQVCDA
UniRef50_Q10225,LDKDRSLKSLASIVITKQEEPIDSIYDILRTAWDTSTPRLEQYASEYMA
UniRef50_Q9XGW1,RTVQHNAYDQDPYAKEFGMNISEKLASVEARILP
UniRef50_P58137,VRAVKAVQHGKAIFICQASFQQMQPSPLQHQFSMPSVPPPEDLLDHEALIDQYLRDPNLHKKYRV
UniRef50_O13824,MFRLRLIVVVLQTCGPSIIRSKT
UniRef50_P36204,DDGIPEGWMGLDIGP
UniRef50_Q11YV5,VHSVDVKTKQVITTLPE
UniRef50_P40522,ELLNFNDEKKWKQFSSRRLELIDKFQLSQYKA
UniRef50_O60237,RAESARMRRAEQLRRWRGS
UniRef50_B0TA39,KAKWSLSRLTFPHQLVRLILLEQVYRGCKV
UniRef50_O94687,TGPRSKHLEKSSYVYNQNFE
UniRef50_Q8K9L1,LIIEEKEFFLRKIA
UniRef50_O42953,KQVCRLCKSQIKQ
UniRef50_P94548,AAVEVIAENGYHQSQVSKIAKQAGVADGTIYL
UniRef50_O51741,PFQVTKTEKEAKLISSKRQDLKKYESSKNVKKVTMLNLYDSIKEGALKELKIILKA
UniRef50_Q9YHY6,TERQWRDLAHCLSLLPFSEKGLRKMQDCFDCYGDKLSDEAVYNSFLTTVAKMRRGAKPELKALIDEFE
UniRef50_Q9SPL2,LSPDLNVEDSSIGSHFLQMLRLLAHAPSQRSP
UniRef50_Q04304,YYIAKRSADREVRNSNLD
UniRef50_B0R664,GTAFKPAGGETRQTTGESVAYVTVDGG
UniRef50_Q06834,LASYDSRNSMIFAGELRDKHSVKTQQ
UniRef50_Q01389,FLDACFEINPEKRPTANELLSHPFSEV
UniRef50_A1A0M5,DIDPMIVGPGIKTGLNIRMDNP
UniRef50_F4KFT7,LRSPHTTAPIRSLWFRTKSPVFRSATTPIMTAVAFSSSLSIPP
UniRef50_A0JP85,EQIRLKVGGVDPKQLAVYEEFARNVPGFLPT
UniRef50_Q08748,AGTISRKKSLVANIVKEPKEQLERDAEVM
UniRef50_O34940,DDSLEKIKQPKD
UniRef50_Q78Y63,VKAIVNSCIEHYHDNCLPT
UniRef50_Q9CDT7,GVIFEGLVFEAAHREFTGKESGKVNHILELKMADET
UniRef50_P34029,EGNLIKIKANNFDSVL
UniRef50_Q6AF82,AVGKGTVSAYIRENYPEVLLSVSATTRSPRPGEV
UniRef50_Q03441,IAYSGKVSMSKEDIM
UniRef50_O58489,KHYPMIKFAPENTILANSFSKTFAMTGWRLGF
UniRef50_Q9NZN9,TCGLANMFAYHTLGYEDLDELQKEPQPLVFVIELL
UniRef50_Q04930,ASFSSSSSTVVLSSNNDGSFDALW
UniRef50_Q8N302,FDHSTGFYYDSENQLY
UniRef50_Q09898,LRKRRTRISHGDFQTITQVG
UniRef50_Q8BGG7,YDTYINRSFQVTKEIISECKSK
UniRef50_P41142,WDDGNNVVALEPGVVIGYDRNTYTNTLLRKAGIEVITISA
UniRef50_Q9ZJ81,LGALRMTHAHNKPCFGVRIGNLGFLSAVELNGLKDFLQDLKQNRIKLEEHLALEGRIGNT
UniRef50_O74465,EITDGFEEELQIDPEKLEEIQKEAEDSGALMEEE
UniRef50_Q8W575,AAQRSFKNYTGPYIELGNC
UniRef50_Q7UQA5,DHCAQRPDATGHFSRRWAAKQAVFKALRC
UniRef50_O14170,LYEPERNICISGSMDKSIRVWDLSTGTCKYVLEGHDAFVTLLNVFQNRLISGSADSTIRIW
UniRef50_Q8IID4,IKVVDFSNEGGIIEKLEELKV
UniRef50_P30863,LEAKKQGLTREIGISNFTI
UniRef50_Q23571,LNSTTDEKMENVIHKASHNICLAMDTPGGLVVPNIKNCEQRSIFEIAQELNRLLEAGKKQQIKREDL
UniRef50_B1ZSD3,QFLVGLNGQGKTNLLEAAGFLTALRSFRTTDNKLLIQHGQHTGAISS
UniRef50_Q8BP71-2,DGYGRVYTADPYHALAPA
UniRef50_O94461,PLQGKKKCVIV
UniRef50_O75884,ERASGYFTRPWQWEKIKANCPYIVQFGST
UniRef50_Q8KD63,DMDAVVKEALRKVEDSGIVFIDEIDKIAAPTTGAGGKGPDVSREGVQRDLLPIVEGTAVSTKYGVVKTDHVLFIASGAFHVARPSDLIPELQGRFPIRVELKSLTEEDFFLILTQPRNALIKQYRAMLKTEQIDLEFTEEAIREIARTAAKVNETVENI
UniRef50_Q10573,ENIIVPIIKVEAPKPDSP
UniRef50_P38863,NSSDITIQEINDFA
UniRef50_Q19642,LQSMKNVEEQLIIMRSKTTNRVEWGTAILACKDFLNDTNMLLEGIGRDGFDMSVPLKHFAAEYSVLSYNCRYQLSADYERAMNVPKLSKQKCGDRTNVSFSVFNVGSVEDQKMLNETLSAMN
UniRef50_P0A3I6,WALMDADTELSYVMAPSSLGG
UniRef50_Q9BVG3,DAILNARRAARPCQAHDKVKLFCLTDRALLCFFC
UniRef50_Q55370,LTGGKSRRMGKDKALINYQGQPHGQYIYDL
UniRef50_P78417,ENSQGQLIYESAITCEYLDEAYPGKKLLPDDPYEKACQKMILELFSKVP
UniRef50_A6T962,VDLSAVQATSTEADVRACAELAARYNII
UniRef50_P52087,GMESIKRLVTVDQKPIGRTPRSNLATY
UniRef50_B8I754,QFKMIVSQPNTFDDAQDICDHLKNKKPVVINLEGIEKQ
UniRef50_A2BL82,IPMVLTVRVEAVEFQAFTTRL
UniRef50_Q8I8A2,ANPSGEGEDDEDVDDTSERVIDLVHANGFISVPYDLKSYKAQLKSYLKAIKERLQKTVPDKLPLLESQVNKYRKDVFANFDQYECFTGPSTNPE
UniRef50_A8WTI8,RIQDGATHAVDSTEIAMINTMQNMMRESFEKASWLLLEP
UniRef50_Q15418,EASFVLHTIGKTVEYLHSQGVVHR
UniRef50_A7EHE5,RSRFGRNNRSDNSAEASGTATPPNRDASSRAVIESSGHARREDQDPNATRRMRRDDLEELMMAEAIRLSIAAEEERKKKANKEAAKEAVKQAKKQAKEDKKKEKKERKSIYGANGNSASSSM
UniRef50_P43616,AAKKATKLVYGVDPDFTREGGSIPITL
UniRef50_P97947,LCQQHRPVRLCAPHR
UniRef50_Q9P8N0,LAEKILKKDNTPIFVLNSDVICEYPLRDLLEFHTAHGGEATIVATKVDEPSKYGV
UniRef50_O14016,FQYVSTLAHPQT
UniRef50_A0L4Y7,LTERPDGIFDHPVWWLFNPKQKTRQEMRLGSGRLHGKGVVATLAGVTTREAVQALFGTEIQVPRSMLPDGGD
UniRef50_P57772,KLKHKHGLVERAMDDYSV
UniRef50_Q2FEB2,YVVRTREEKDERNLQISLTE
UniRef50_Q07589,VDCEKGQLMELEVILGNPIRIAKRNGVATPTLSILYNLLVLVQA
UniRef50_Q1IPU7,AVRALKKSVKSAAIVAPENWGGAADPSTTST
UniRef50_Q9EXP2,EMEHHANIVPWQMLAQAR
UniRef50_O94623,DPLFMVELPTPIRNEVNDNHEIAMNKRLSLKSHADNKIDERGK
UniRef50_P38483,TEFLSRYPHVTLFIYIARLYHHADPRNRQGLRDLISSGVTIQIMTEQESGYCWRNFVN
UniRef50_Q117Z4,VVALIHSYRGCKNGDIEAVRVADRMLFVQTA
UniRef50_Q8D226,LYKKIWEKDGSPLMINSLNQRNYLINKFPNFKIELGMRYGDPSICVAIKKMIKIYNVNKLIILP
UniRef50_Q6F494,GKTSTAMIPWENIVGDDLTFILPVNGIARGANV
UniRef50_A1WX32,FNPDYHEAMAAQPSDE
UniRef50_A7GVZ7,NVSIDAAALALKSGNAVILRGSAAAISSNKFLVNLFNETGAKFGLPKGAVALVESTDKEAVGEMIKMHEFID
UniRef50_Q81PB2,GSRKELDITVGDIYGGILSPI
UniRef50_Q2QAV0,IIYEACSCITT
UniRef50_O43003,KANGVIYCSGQIPVANGKVIEGTVGDQTRQCLLNLQEV
UniRef50_Q04377,ALMYQIVQFRPSATHNL
UniRef50_B2RJD7,LLRFANDLEDFARVEQMPILEGKRMTIMLTPKSASKKGHTPPKTQVEAS
UniRef50_Q6CWN7,LTKPTVENVATIGQ
UniRef50_Q5XET5,VRKTAEESIAQVTAANIARFKSERAKSVNRSS
UniRef50_Q8TDR0,DNVKDKDAKISFLQK
UniRef50_P47018,RIFVDEWGHPNNNGITPVEKKPSVADGELG
UniRef50_Q6CE38,RELSGKLGLQFLQKEYE
UniRef50_Q4FUZ9,LGMQGAALSRPRLAWVREVQLYGNDELPWVQAQSLFPLSSLQGSARRLQQLKSTPIGYVLFKRSRTLPNQRFIKHTVDG
UniRef50_Q9XYP7,EKMKTVENVDNVLRLHQDFLDSCLKNCMLTESSHLNRSIFKLCKICLKYCEFIQITQRYF
UniRef50_Q975G9,ILNALERGIRLDGRKNSDYRPISVTLNYAKKAEGSALVKLGDTMVLAGVKLEEEE
UniRef50_P53332,EDGWSEKLSSTEIRRLL
UniRef50_Q91690,QHYMNYQGQGSQLTAPNDHM
UniRef50_Q12163,NPLHYGYFDGDNEEDEMVSDSSNG
UniRef50_Q6BZW8,PAPAAPAAPMKLS
UniRef50_P16524,ELKSIAALLKGRNVFVLSDEIYSELTYDRP
UniRef50_Q95PZ0,KTIDRYAAEFTDSFEKEEKTMTVFSLMP
UniRef50_P39587,IYTFKDMLISALDEMDLDYKAIYEKKRFDTAGQYVEDDD
UniRef50_P36162,KKKESEQSNETGLEAQENDKNDEDNDEDEDLV
UniRef50_Q9WTZ9,EMEQPLQNGQEDRPVG
UniRef50_B7GSG2,VPGVNILFGKNGLGKTNLVEAVEVLSTGSSHRTSSTLPLIERGQTTATIRA
UniRef50_Q5E9Y6,PTPMNSLVDECPLDQGLPKFSA
UniRef50_C0QHM2,RAKVLAKRSRANLEKLFESMGADEIKE
UniRef50_Q6EMB2,ASASPCLHPGAQNIPSPTGLPRCRSGSHTIGPFSS
UniRef50_Q75A74,QKRRAEPEQQAAPRP
UniRef50_A0RXV1,LHRIRKQGPIPIKSLARLTSLI
UniRef50_O07883,IIDARIPDNDGYQPIDEKIE
UniRef50_P15442,GSTNNQKVIYVPNM
UniRef50_B8I3R5,SSNPKLMDTVDIWNMRLAEVAAAIIKARRTFSIMLSGMAENQHNFLTGKSEKISFDYRCSFQISGQDDTEQIEKLYLVQLEKSMQRDIVLGYTTVGPHRDDYDIMINDKSLKLYGSQGQQRSAVLSLKI
UniRef50_O34899,GLALAELSGQPGFEDLTAELLTIQHELFDCGGDLAIVTERKDYKLTEESVSFLETRIDAYTAEAPELKKFILPGGSKCASLLHIART
UniRef50_Q0RRG0,DMVIDIANALDENWR
UniRef50_P29466,FDSIPRRTGAEVDITGMTMLLQNLGYS
UniRef50_Q9USI4,GALKAMKKCYLSAHSNI
UniRef50_Q80TF6,SGQAVTSDSTLLNTE
UniRef50_Q9Y224,YLRDVNCPFKIQDRQEAIDWLL
UniRef50_Q8DH26,YSIDHVHALHHRLQELLAASAGAVLDAVYFCPD
UniRef50_Q9NVQ4,LHMDGENFRIVLEKDAMDVWCNGKK
UniRef50_Q88WJ9,AEKIAANVAQM
UniRef50_Q8SRM2,LAISSSQKSEPAQPADTAESTQATENKEEEDED
UniRef50_P22045,IPKSVHRERIEE
UniRef50_Q96AB3-2,LFLCDMQEKFRHNIAYFPQIVSVAARMLKVARLLEVPVMLTEQYPQGLGPTVPELGTEGLRPLAKTCFSMVPALQQELDSRPQLRSVLLCGIEAQACILDPRSYPGLALTSLYPQNTTLDLLDRGLQVHVV
UniRef50_Q8TFG6,LDAINRLSNIIYYSERVRCEIEDQVQTIIEQSIQVDGYDEPLSTTTPTLIEPIQETLMTQSPIIECEPFNTVKPSVS
UniRef50_Q05534,PPAEPPADSSIDHNNKLLSFSMPVYPWTL
UniRef50_Q9SGU9,ETHPQHKLFKGMVNRDYGYGGLLSIDME
UniRef50_O82221,QPPDLKKYMDKKLQIKLNANRM
UniRef50_Q54CC5,AIIVNKKKQQSNVFQRILNALVRVVEQ
UniRef50_Q5JKN2,MPNAVPNFSEMRKAKNRAAQMQQVFSAAAA
UniRef50_Q9D1Q1,NLLRMKFMQRGLDSETKKQLEEEERKMISDEHWYLDLPELKEKESFIVEEQSFSLCEDLLYGRMSFRGFNPEVEKLMLQMNSKN
UniRef50_Q9C0E2,AMFESSQNVLLKPTESWRETLLDSRVM
UniRef50_Q9CQ80-2,MEAQESPLFNNVKLQRKLPVESIQIVLEE
UniRef50_P0A199,CYGIAYSKLSEETKFIEDLSADSLSLIEMLDMISFE
UniRef50_P59475,KLGTKFSQKILSNYELNILPNCKQNYTKF
UniRef50_B3ER35,AEIEEMQQTIRNILKKQ
UniRef50_O74331,LISSRGVSQTCK
UniRef50_O67522,EEKFDVVLARALGEFEEVKEILEKLSIGYV
UniRef50_Q6Z1Y6,WDVVVEPSCQGLGLGRAVMERLVADLRGKGVSNI
UniRef50_A0L8S4,FTQQEQQLCNGRSTPQ
UniRef50_Q9KCZ4,PIKQHFEAYALPRVADGAEFRIATLGND
UniRef50_B0CHF1,GLESAIQQNLVHDKETLREFTLT
UniRef50_Q5MJ68,VGKFLHQRDKLWARMGFRAVVSRQCCEEVMAKEPFHWAWTR
UniRef50_O15273,EGCSLHEEDTQRHETYHQQGQCQVLVQRSPWLMMRMGILGRGLQEYQLPYQRVLPLPIFTPAKMGATKEEREDTPIQLQELLALETALGGQCVDRQ
UniRef50_O74737,LLLCVKAMCTVQRGLECLSQ
UniRef50_Q54I89,GQIGIITPYEGQRAYI
UniRef50_Q8IYT4,IYHWLPPVSKSRALELHT
UniRef50_B8I262,NTCRFNSCSHITEPGCRVIEALERSEIDNNRYQRYIQLYKA
UniRef50_Q8SSH3,ERSLNDALCVVKCLKELPFLVPGGGSIEMGIALMLSESTEGNIYVLREIAKA
UniRef50_Q7USC9,PMVEGELVASFETAIENASEPSNPLSP
UniRef50_O51126,NKKADLRQTIVSNIDNVLI
UniRef50_Q557K0,MDKKINLDYLIDDIIVNSDDLTPFQCQICFNS
UniRef50_O13848,ALKEANVPRSKLFITSKVM
UniRef50_P38285,NLKHLVLRACDNVSDSGVVCIALNCPKLKT
UniRef50_A0KKF0,APGGVLLTYSCSGLMEQSLFQKIVAD
UniRef50_Q9VEX5,PPLTRRLPRYFPLTT
UniRef50_O94258,LLYSFLQIEELRCAACETMTEIVNKKMKPLEKLNLLNILNLN
UniRef50_O14284,SLEYAYSSRTPAFENNPLSY
UniRef50_Q9Z4Q7,FNLAGDFSFRVI
UniRef50_Q9BTD8,ALSSAAAGPRPMALRP
UniRef50_Q871G3,ERISALFSTYP
UniRef50_P40394,GIDLNKDKFEKAMAVGATECISPKDSTKPISEVLSEMTGNNVGYTFEVIGHLETMIDALASCHMNYGTSVVVGVPPSAKM
UniRef50_Q5NRJ0,SAPYWIQKRRAVSRPNMTESRFRGLLARQWPDRKKRQQ
UniRef50_Q9ZCX9,KSDLDNKTLRMISNTYFLE
UniRef50_Q3AAM5,TVADAIYASNIPVVTGIGHETDTSIADMVADRRAPTPTGAAVE
UniRef50_Q28HC7,RKIIRWITTLFSTAAKYN
UniRef50_B3QZW6,NVTEVKLTNDLSFANVYY
UniRef50_Q9H0Z9,VGGLPYHTTDASLRKYFEGFGDIEEAVVITDRQT
UniRef50_Q58634,PFLTQIIIGGYDLLEGAKLFSLDPL
UniRef50_Q9PMD4,QLIAESLGKKQGYKRIGLT
UniRef50_Q8GYM3,SLSAVDTDVVGGVPNRFLGITPAYLSYVQLQNT
UniRef50_Q8A0Z3,ADITKLRKMTGAGMMD
UniRef50_Q7VHX0,MIFEVKSPILGFESVAKMKLEKIDDLFMKLYNAEGEVPHFTLVNPFLLR
UniRef50_B0TX95,LAARGHRLVSLEKDCYIFVLLADTL
UniRef50_Q12338,TIYFRGKELKREKSATPSSSDNTTSNTFSNGAILSGNTITGKIVSVNNY
UniRef50_Q9URY4,IVKDNFATKDKMDTTAGSYALLG
UniRef50_Q14103,KKDLKDYFSKFG
UniRef50_P53250,LKNFDSARPAGQNKPLTHDEEMQIEINKQQALLRKNTSVKLVSQDSASPLSLTF
UniRef50_Q4FNS1,TRVPALGTNEDFIKAMSELIIKKNEYKF
UniRef50_P15891,TPSPAPAAKISSRVNDNNDDDDWNEP
UniRef50_Q7MUY2,PDYAEWTIMYVDYR
UniRef50_P38839,NPASYYTPRRTSQSQSLSGSTFKEYNEYINEKDS
UniRef50_C1GP53,RRRACKDCTCGL
UniRef50_Q9LY15,EPDNDVPAPGNEFAEFAAGCFWGVELAF
UniRef50_P77555,DTWAVDKNGVPTTDPFAVHALLPAAGPKGYGLMMMIDVLSGVLLGLPFGR
UniRef50_Q9US03,GDGESAQIAFPDQ
UniRef50_Q5QX64,HVIKVTLNRLLPATVDLALSAQ
UniRef50_O83433,GIRRRVISLVRES
UniRef50_Q52880,DVVKRSIQALGGRINISSKPG
UniRef50_Q8RXD9,KSDQDDSVVVQFKICCPDIGEGTS
UniRef50_Q2MGL3,KQPPRPAVSDRHNIYITSKTDFKAQQRRCEELINSGAHEIFLHCMGFSVTRGLNIALRLVQNSDGALSYAINTSTVQLVDELHPLCDAEDITFRQRNNSALHIKILNNSLFDIAVPQPSQSQTQAQS
UniRef50_P06115,QEKVYSLQNGFPY
UniRef50_P38972,LLIKVETHNHPTAVSPFPGAATGSGGEIRDEGATGRGSKTKCGLSGFSVSDLLIPGNEQPWELNIGKPYHIASAL
UniRef50_P27034,TARKSDIVLLLVGREGEWDTEGLDLPDMRLPGRQEE
UniRef50_A3LXS6,VWKKNLAVHLKKCNAKPVERTEEWFSKDINVKLKNSLGETEDITRS
UniRef50_A8EWD5,LSHKKRFFRFEFQNEIPLSRGLGSSSAVIVSAIAS
UniRef50_Q8T1C6,GFLRLGGKIVSKKLIEPCSSLFWVSGFSFSRSDIINSVPYDPNLQYLFFGEEISMSARLFTHGYNFYSPTKTLIF
UniRef50_Q8NFY9,YRPSSSEVSIDHKAENDFWMYDHSTNRWLS
UniRef50_Q9FGY9,IQESKWEEPNGAK
UniRef50_Q51484,NSERNLLLFRLESLLSWSEHLALDRCSDDEDDPDGAR
UniRef50_O67463,QAIKKGKVEVYPIDLREFAPKGQVDDVPYGGLPGMVLKPEPIYEAYDYVVE
UniRef50_Q9ES00,LQHYLELGRQELFKILHSILLNGE
UniRef50_P21375,SKLGAELIDMDQVQVHPTGFIDPNDRENNWKFLAAEALRGLGGILLHPTTGRRFTNEL
UniRef50_Q18967,NTGQEKCMGTLM
UniRef50_Q13459,LIFHLVKVALLEDVNRMSPGALAIIFAPCLLRCPDNSDPLTSMKDVLKITTC
UniRef50_Q8TZ66,NAVEVVSSLPEDKIIFVPD
UniRef50_O73673,YIKELGKAIVKREE
UniRef50_A0KKK8,LMPQSWFFGETHPAIIPETGALVCM
UniRef50_B7K5E6,AVANVALARQTQVNLKGIILSCSHPLSPQELSDWAPMDLIQSLTGV
UniRef50_Q02754,LQKLGWSLDEPQLENAAA
UniRef50_A6W7V4,LERQFLRAGHALVAGVDEVGRGSLAGPVSVGVLVVDAATRTA
UniRef50_Q9ZHG4,FGLDEDVQGFPEKCED
UniRef50_Q8N140,LQTYFRKYPDTPVSYFEFVIDPNSFSRTV
UniRef50_Q54J88,ILTLLSKSIPFVN
UniRef50_Q92YM4,DLVLPLESIAENITAIARGRS
UniRef50_P40316,PTKRLHTHAQQQGRLPLAAKDNNRSKSFIFPETSNQSKDADLPQLQN
UniRef50_B0SH16,EDLIRFQGLLVKLEVPLESGKWDKRLYRLGPVSGDSVELTLYD
UniRef50_B0UYH6,LDEAEVGVRSAEGGPSRTSAPVPDVET
UniRef50_Q04489,IAARGPNYSSLRAVKAYRISWFS
UniRef50_P35415,KTNIDLQKVIKKQSLQLTELQAHYEDVQRQLQATLDQYAVAQRRLAGLNGELEEVR
UniRef50_Q2LR78,SEEGTSVGTGGMKSKVMAAKKVTAFGIPYIIAP
UniRef50_Q5HKN6,QNVLHDDIQFIILGHYQ
UniRef50_Q9CQF6,EWLLAMRSIQPEEKE
UniRef50_Q12342,YMMFAKEYDIENKVYKYLINGSVSRC
UniRef50_Q9MBC2,LTIPTKADSGFKIEPSALAD
UniRef50_Q7WZ32,RLLLEALDAVG
UniRef50_Q12044,ITDIPSGKFTSKWPTQLEK
UniRef50_A3MWN4,QTAQLMREVMPLVTQIVRSLPFGGGKIAVPRLTL
UniRef50_P41002,MVICTRFISKEILTIREAVWLTDNTYKYEDLVRMMGEI
UniRef50_A0Q7Q7,MSMLKCRVDNNLRAPLEASIALNEIAITASRGLMFGLKVFIDGRYAFDQRGDGLIVSTPTGSTAHAMSAGGPILNPNQNSVVLVPICSH
UniRef50_O95793,KVPQAQPTKPALKSEEKTPIKKPGDGRKVTFFEPGSGDENGTSNKED
UniRef50_Q8A2N9,KGNTQDISRMLVEKMQELANEMKFE
UniRef50_F6R2G2,NCAQSAGWLSLTAILQYLPNLTYV
UniRef50_P13394,LIAWIGLPEIDTPSVTHQWAGMLSL
UniRef50_Q15468,CKVHTQELCSREMIVHSVDDFSSALKALQCHICSKDSLDCGKLLSLRVH
UniRef50_B2UPE7,QLALDCRADCVVFDNM
UniRef50_Q58428,KNGFLRNVVEETAVSHPYLWANYRRYEPDLRNI
UniRef50_Q9C0Z9,LKYLSSQGNCEGLTKERFLDCI
UniRef50_Q8R6G7,VYGTDIDEFSMEVAKENLILNNI
UniRef50_G0SEH7,ANSDTDNDNDGDAMEEDDDDMPTFFKEVKEAEAAKEAAKTPSKNPKSKVALIVRAKINKV
UniRef50_B4S2L3,LSGDVLDFACGAGVIASYIMLKYPHLKLHL
UniRef50_Q80YG3,PQPRAAHSCAVLGNKG
UniRef50_O74945,RLMLAMYSCDVQATSEVLGRVYGVVSKR
UniRef50_P59610,VVMAVGKAGEPADRDKL
UniRef50_Q5F4A1,RDCYDFLAAAGCLR
UniRef50_P49427,EYTDIIRKQVLGTKVD
UniRef50_P43336,SSCSKNFGLYRDRVGALIVCAQNAEKLTDLRSQLAFLARNLWSTPPAHGAEVVAAILGDSELKGLWQEEVEGMRSRIASLRIGLVEALA
UniRef50_P0CM44,KAKLVRAEVDKVELAEGEIQAGLDHLNLPEEIDRWRQFLEGDTN
UniRef50_P05835,KLLGARERSGRTKTNEVLVRL
UniRef50_Q9LKF9,GFAREIFVEWAN
UniRef50_Q9VXH6,RQLGPGEFWLSFCDFVEIFSTMEVV
UniRef50_P23226,TTTTSSLRKSSPLKAAPGKAAS
UniRef50_Q05024,RPLRSTRKRKGKSESKSKRKKKKNDS
UniRef50_P80305,VTIKNPLGRSGDFYHLPARSLINIRVPEGYFWSGEKLE
UniRef50_Q2SDQ0,ISAAPETVATAQANDPRQFAQICYHLGNRHTPLQIGELWVRFQPDHVL
UniRef50_P49756,LSWKRVQGASGKLQAFGFCEYKEPESTLRALRLLHDLQI
UniRef50_A8B4Q0,ENAITCFNEDVSSLLRRLLPETNLKAVI
UniRef50_P38203,SVRNIFIRGSTVRYVYLNKNMVDTNL
UniRef50_O94829,AWPCAVADMVRLFQAEDSPVD
UniRef50_Q9P3A9,YANNCKILKTSSVLPIPFAHAIE
UniRef50_Q9USX9,YNYRYKNQLDIPKF
UniRef50_Q8XTL6,LERYQRHLFYYRKPNGAPLTLG
UniRef50_O59748,RVRHPHNYMVKFAKSLKFSSSTASIAWNVCTDAYKTYTMLKYPAHIVAVAS
UniRef50_A9KLU2,LKSELDVVVLSPGVPTDLDY
UniRef50_E2AB17,GDDASRHDGSDYKPTPVRKSTRTPDSFTKLIESL
UniRef50_P40506,DKYMEKEEKLLLLPFTTVNQ
UniRef50_P49902,PGSSHRPWQSYFDLILVDARKPLFFGEGTVLRQVDTKTGKLKIGTYTGPLQHGIVYSGGSSDTICDLLGAKGKDILYIGDHIFGDILKSKKRQGWRTFLVIPELAQELHVWTD
UniRef50_O24174,IVWINCSQPCFVQ
UniRef50_Q6NTJ3,FIVHLYYSLQSANNIYLVMEYLIGGDVKSLLH
UniRef50_B2J1K8,GISEVLVLEPRTFEEM
UniRef50_Q8UF44,GEYTYHGPGQRVVYVMLDLKRRRQDVRAYVAALEDVIIRTLDKMNVRGERREDRVGVWVRRPEKPLLPDG
UniRef50_Q45056,SKESIIFVGLFTVILSAVILMLSYTSSGQELNQYVKIEVQQGDTLWSIADQVADTKKINKNDFIEWVADKNQLQTSDIQ
UniRef50_Q7VK73,LVSIKELCVLSQIPY
UniRef50_Q75EM1,RYLQNHCMRINFTKAKSNMAATFKAYNSNYERVEDEGKIKSIINIET
UniRef50_Q5T890,ETSGKDIWHPGERCLAPSPDNGKLCEASIKSITVDEN
UniRef50_Q3IRZ1,GVDHSHEATDSGHGYGEDHDHDHSHDHNHDHD
UniRef50_O29008,VKAFRSLGVEAEAVHIKQFYSDMIRFEE
UniRef50_Q6ZN84,VDQRRDLQMLQRTQREHLADRTAELERV
UniRef50_B2JLI5,ERRHREIWPELVSKLHNAGVRDYRIFLDDDTHHLFAVLTRT
UniRef50_Q07825,ATTGRNTFIVVALDEICWLL
UniRef50_Q8A681,PESFRRLGIKLEQRGDDIYVPAQETYEIESFIDGSIMTIADAPWPGLTP
UniRef50_Q9AI34,FEIEKFVFLDGIFELAGAAKALG
UniRef50_A1K3E5,GLQAIVAGFPALRRMVGSNVAGASLGAALDGMLTTAGIAG
UniRef50_Q14994,RTVSKSIGPTCPFAGSC
UniRef50_Q01954,RNSLGTKKGRVFCTACEKTFYDKGTLKIHYNAVHLKIKHKCT
UniRef50_Q9HGL6,IFFFESRRREDLYLHIAR
UniRef50_Q4PEV8,SASSPIFDLLKI
UniRef50_Q75BN0,EGRQQFADVEEAAKQHLVERYIFLQKV
UniRef50_Q86D25,LSVLYSIGSKPL
UniRef50_Q59VM7,KYHKFKQWLKDNKLSINDYLLDYELHWKESELR
UniRef50_Q26734,SLVQSSGVTICGV
UniRef50_Q9RT22,LRLPEGTEMGPHLTQNGREVFKFAVRTLGDSAEQAMRQA
UniRef50_A7I2T7,PIPLGARGYICPKIGKRQLIGATYDRKDYENQARTFDDERN
UniRef50_O88532,KKEGGKDRALKGVLR
UniRef50_Q8K4E0,NVLGTSGPPDQNTGAPTVTPSSYFPGEESIIFYQAGFPGNTLSA
UniRef50_Q6CGK4,PKRKLQVNHDDDDDEEPVFTKKSVSKLVEDKFKKDNTNVAKKPKVEASAEQPEPAAVQATTTHHVQDAEDMTTEVDTVVSERLEKFRNMSRTKPDTKPKSMLISQEDRIRRRLGLGPDEDIPSDA
UniRef50_A7I9I3,EVFAGQLELMENGRMEALAAIEALEALATSEDGTVLLQIG
UniRef50_P53949,QVLHLVLDVRNYPILVH
UniRef50_Q16204,TRAGMSYYNSPGLHVQHMGTSHGITRPSPRRSNSPDKFKRPTP
UniRef50_Q9P7V4,IHQNIDNTKDYRVIIINDESLNIEKETYRESKNEKAARGLLYSAVQRELSKSTFVICDALNYIKGFRYQLYCESKSMYTTHCV
UniRef50_P53731,FHSICQLTLFRNYFHYHI
UniRef50_Q02790,EAHLAVNDFELARADFQKVLQLYPNN
UniRef50_O74865,VLIIDIDSGVIKNKWKEHDYEAWTC
UniRef50_Q9D552,LESQYYFRNRAVDSFRKFENDAAVMIQSWFRG
UniRef50_P24117,LNLKLNNNQAIFSTTDSFRISQKILEIQSDNNEDIDI
UniRef50_A8F755,YKEDDRPVVSEI
UniRef50_Q9VYA8,DELKTRAPNWGEGLSSLNVHIEEHAYGSRTHSVV
UniRef50_A1KM51,ASAKLGKSVAIVERGRMLGGVCVNTGTIPSKTLREAVLYLTGMNQRELYGASYR
UniRef50_P02771,ELRESSLLNQHACAVM
UniRef50_O43014,SQLTQPVPFAKACGS
UniRef50_Q0AWN7,YTKEMQQVILNVANAVAKMVKLSPN
UniRef50_Q9YCQ6,RGYSFLEALSLLGRVLRGSYALALLHL
UniRef50_Q3ZCF6,VKIKCWNGVATWLWVANDENCGICRMAFNGCCPDCKVPGDDCPLVWGQCSHCFHMHCILKWLNAQQVQQHCPMCRQ
UniRef50_Q6A5Z1,LPEELVELNPDPDEV
UniRef50_Q9RWM1,SSVQALHPERGPQPLGALYHTALLPRVTGL
UniRef50_Q50L39,KAEELTLSEFLKLDLEHTKI
UniRef50_Q05650,NHEGVGNREQCYHFTPPGSSPMTGLTAEKHDSFISPTEDGRSSWSSQEKSWLRANLMHQASQWWSSCHNSSMRGYQHGILHHHAFIKDGSLLLPTAFCSYGGEALDR
UniRef50_B1YJ40,STQIPIFQSYNM
UniRef50_Q7V3X3,TFFEHCRRILRPGGVFATQSESPEAFRQVHIDT
UniRef50_P33201,EYKENLYQLSKLCSGVTGLLFTDEDVNTVKEYFKSYVRSDYSRPNTKAPLTFTIPEGIVYSRGGQIPAEEDVPMIHSLEPTMRNKFEIPTKIKAGKITIDSPYLVCTEGEKLDVRQALILKQFGIAAS
UniRef50_Q1T7F1,HGVTALGQQEL
UniRef50_P72156,KDVRLLHRHNV
UniRef50_Q9SA34,TMHAVKQGFQDLGASSL
UniRef50_P47353,IEYQGALQVKSKYPHNVVLIFIKPPSMQE
UniRef50_Q9SS47,FGGPEERQVLVNEMLGYTDENE
UniRef50_P53256,DGSSEFVSQDTKVICSVTGPIEPKARQELPTQLALEIIVRPAKGVATTREKVLEDKLRAVL
UniRef50_B0R5M0,EESFTAAADDAIDRAEDTLDNVVWAEVVDQGVEIGAVEERTYQTE
UniRef50_B9DUY3,VFQAHIPTVPSGYWCFGFASKKYHPIEDF
UniRef50_Q5R0Z7,CRRGMLELDVLFEPFVDQAYDELSEEQKAVFRRLITCDDPDLFAWFMG
UniRef50_P19087,EDKELAKRSKELEKKLQE
UniRef50_O74521,PLLETIGKHNLSDSYDHGRVSKRKMVGFAVVVVLHVLSKGLLGKATPLSEDRKPTSNNEE
UniRef50_B8D0I2,RPRVYSSIIKIKPHSEPVYRV
UniRef50_P64183,TSRWSSKLVHGGLRYLASGNVGIAR
UniRef50_Q9V0N0,LLSMAMEVVKEGCRVAL
UniRef50_Q96BN8,AEEYSLYEAVKFLMLNRAIELYNDKEKGK
UniRef50_Q9M350,LIKLGFYYRELDRFAKKS
UniRef50_Q3INV7,APLPPETGHAPMEITEPSHVYEMDGERDGETVRIQDHIWERMAEGTIPDPPGTDRRAVVEG
UniRef50_Q5BFN9,CDCRKYLKKTNEDFELEGANPSAEGGDDEGG
UniRef50_Q6CYV3,ALAGFRQSDLDIEVEGPRLTVKGSPAPSEKAVEYLHQGLVFKPFTLSFTLAEHLHVSDAHFENGLLH
UniRef50_P05150,TEGAATFFGAQPMFL
UniRef50_Q9H9C1,SGSTHEGREQLKSRNSFSSYAQLPKPTSTYSLSSFFRGRTR
UniRef50_Q1R0I9,RASVLRDTVALLRRQVGAVHVARSTPEALGVSCG
UniRef50_A8FLU4,SEISLSRNHSEN
UniRef50_Q8R6V4,SKKLPVKDLEK
UniRef50_Q6MED6,SVRNIVFMGMGEPFDNYDTVMHAFRILTDSHGFGLGNNRITISTSGC
UniRef50_A5FAX4,LSHSETEFNLILSCDIPLISTELLQELISKHTEEAGITVFASESKTHPLIGIYSKKILPIIKSAIEADELKMMDLLAKVPHQILNIEESENFHL
UniRef50_Q7VIH7,ITEQEKRPLFSDISKARQL
UniRef50_P47139,VGSPSQCPNILGPIRFGDDVMWNKTIFTKETNFFMRSSFYFLPLDGRCFVDKITLERYDFDFFDTDVWKTLGLSPLVNEKREESAHEKS
UniRef50_Q6DFJ6,TQEGLKSSLQEVKNKLTPGGTLMDSWINTEGIHAADRNVEKLQVLLSLITEIYCQFKKDKAQRRLSYNEEQ
UniRef50_Q15QE8,YVKPSEAAQLANCEMPYSGLFMPLGGWIDPAQ
UniRef50_Q9FUT1,FSADKFVREETTPGLIQWAVRFRAHEAVRPYMP
UniRef50_F4IUX6,RYILSKGHLPLDIEFDLQD
UniRef50_A1KZ92,LALAAMHTLWFREHNRMATELSALNPHWEGNTVYQEARKIVGAELQHITYSHWLPKVLGDPGTRMLRGYRGYNPNVNAGIINSFATAAFRFGHTLINPILYRLNATLGEISEGHLPFHKALFSP
UniRef50_Q05468,KQIQRLKRLIRNWGGK
UniRef50_Q96N96-4,LFDHQLVSCKKDLLRRDML
UniRef50_P55786,EEKNRIERVLGATLLP
UniRef50_P31944,PGETVGGDEIVMVIKDSPQTIPTY
UniRef50_Q7V7N1,EIAVANLVAAPGCFPTASLLPLLPFLKQGLIENDGLIIDAKTGTSGGGRVAKEQFLLAEASESIMPYGVVGHRHTSEIEQLASEVAGQPIELQFTPHLVPMVRGLLATVYGRLRDPGLTAEDCTTVLKAVYRH
UniRef50_C4ZGY6,IASYDLEKYIEKMHLKYK
UniRef50_P32806,KRVFTKIFRICLPDLFS
UniRef50_Q72C44,KPVDELQKTIGHRF
UniRef50_P45388,FDIPASSLPEFYKERLLAL
UniRef50_B1XPE2,RTLANTLAEAGHQVTVVCPDRERSATGHGL
UniRef50_Q5GSC8,ELLGKIENVLFVN
UniRef50_A9A0E0,TDGRLIEPLKETVRAAGLDNVTVLHRDIMKTDIR
UniRef50_A7MGG4,ILWYKATFYLSSGDTL
UniRef50_Q9NZJ0,SSPSSAACAPSCAGDLPLPSNT
UniRef50_Q0TYW1,HLAQSKEIEDLVDVDAFIACHKIERSLREGMSTSLALDWCKEHSKELKKGGSMLEFELRLQQYIELVRQGGET
UniRef50_O83049,PQASTGQRRLVSLVLR
UniRef50_Q1QUK4,LASGGFGAQITNSTPAP
UniRef50_P0CM75,TLAFVPAMSQGQKDLAVY
UniRef50_A4RI88,KRKPTGSEEDRGEQPKLPQKATPSQST
UniRef50_A8F331,TADHLINQAKSGVDVLKLF
UniRef50_Q9JK24,EWKGGRKNTNEFYKTIPRFYYRLPAEDEVLLQKLREESRAVFLQRKSREL
UniRef50_P35547,GNKMSAISVHGVS
UniRef50_B3H2N1,DIYNNEVIDDSVGDWIGEGEYTLFA
UniRef50_Q9HDU4,KITHIINFAAES
UniRef50_Q08949,SKEEAGLKDNKESCESPLKSKTALKRENLP
UniRef50_Q8PT42,VDMDSFFASVEVRERPELKNLPVIVGSDPKGGS
UniRef50_Q9P2G4,EDKYSEKSSGALHKR
UniRef50_Q563C3,MPRKTLAAIVNTGSQSTPKVSNVPP
UniRef50_P33700,LYARALANGARYKIIHSCGYAAVVRGNSLSGSHRTIDLKRLYEADRAILAGSR
UniRef50_Q54E35,QTIYKSLNPQFNEAFHFDI
UniRef50_P34278,MDISAPQVQVNDT
UniRef50_P29349,ESQSKPGDFVLSVRTDD
UniRef50_P0AEL5,RRVSLVLRKKDLA
UniRef50_Q9JYD2,EEKEQVTGTVEIRQVISVSKVGNIAG
UniRef50_P59293,MLGGEAIEHENFSSIVNDIGLLHSLG
UniRef50_Q9ZN78,RGEVFPQIDPMVS
UniRef50_O05886,KEHPAKPMSVDDALYQMELVGHDFFLFYDKDTER
UniRef50_P36589,DKATLRLFIHLLQPSQPSMLQVAAMKTLVCIMADRPLAIRLFEQINGLQQICVVFKHKQT
UniRef50_P32055,ASIHVMELAHEVWLENTQPMLSHINVGTGVDCT
UniRef50_Q65ZG8,ELVVARHRICSLPIGDSDVISSPPPGIQSNTLPPVMAKT
UniRef50_Q6F1M4,HKNYYINSPKLLNRSLQVKRNKNIFFAGQITGVEGY
UniRef50_Q08909,GYFVFSSEQSYDKFKQTNFNISTLDADGVGVPLFHIVQSYNVIGKITRSSPDFYIYKYVLQGVQ
UniRef50_R4ZGN4,LKQVTGEAVYIDDIPPY
UniRef50_Q1JC96,AFQIMFDVRRVGE
UniRef50_Q8ETB7,KGKMRHEAISRE
UniRef50_Q83G28,KPVDAGSSFGCTFVDFFEQLPVAIEHALQHGKSAIVEPALDAP
UniRef50_B2HSZ3,SPAARDASRSQGRGLVRLARAIWPEADWDALGAKPHLAV
UniRef50_P0CO52,GEDTLRTEDILKVLDDNKDSIAIVWLPLVQYYTGQLFDISSISPKVHEIGALL
UniRef50_Q54I71,ESRVAIEGGIQSIATAMKNHPNHIGIQT
UniRef50_Q9FLT0,ETLKVVVTEVLGGGRFYVQ
UniRef50_Q05584,GVNYCYLLSDSKNKKSWLIDPAEPPEVLPELTEDE
UniRef50_B8IZD4,RHELEIWQDGQA
UniRef50_B0SDS6,IQVFEEQGATLIHIVDLNAAKTGKSENEKTIKKIKEKCTVDLELGGGIR
UniRef50_Q971I6,VGDKRGNVIFKVQGIDKAKVLVHLGLEY
UniRef50_Q8GYU3,LLKWEKGIESVSVSTTTLLWLYSGVMR
UniRef50_O88842,IPNRDSGIDSPSSSVASENFPCEESSEGSPSPAI
UniRef50_Q9P7X6,EAAALLMFHSSSIYNKRCLMAYHNLRLQRLRQYCWSGGKRMESCLDTSLSTYERDYLTRY
UniRef50_Q9GRX6,DPINGGYVVNPELQARTDLYV
UniRef50_O84353,LMQNEKVLSASENTQVSFIDIPPQHLKTYVRSFSSLKRCGGYCVQDGGGLIIKQIEGCVYNIQ
UniRef50_Q9VMH7,ITRLQRNQKESKVILCSGEVVEP
UniRef50_Q2J4A4,RFGIAVARAVAPLERLGAILF
UniRef50_Q6FNE9,KLDGLNEFFITKVIPLVFEIPFKPEYKFNVREGSCRVIA
UniRef50_P48642,AVEFASIWKGMGAHVDLFYRK
UniRef50_Q753A3,ELQKLERTHRNRGYRDGISSAKEENLQEGFDMKFPEGSRLGFQVGEVIGKLQT
UniRef50_Q72DU2,LKAGRAAPRPVKVQSMRMHKGRPLVIFEGV
UniRef50_P58733,GILNVLIEIPAGSKNKYEFDKDLN
UniRef50_Q84LB2,IEEENGWNQVLPQLTKVWA
UniRef50_Q7UUZ6,LAIGAVSSDNDKGKHTTTASQLIPLADGGAVFDT
UniRef50_Q9XVI9,ADCREVFAYFDSKGDERISVQQVGDVLRALGQNPTEAEIHKCVGSFDREARLSFEDFVPIFQS
UniRef50_Q54KF1,QSNLQSLLHPQYYLSNSSSSSSSS
UniRef50_Q1E6D3,KALTVFPSPAFSLSLALLPAYTQPYATSSTQA
UniRef50_Q9P7H8,AQEEDKVRAASYPSASEVISFILSDHDLK
UniRef50_Q9HGL2,PYFADIHISGVDSSKFVQLNRPNNVSS
UniRef50_A9MJV6,LAADFCGLFLMTDKK
UniRef50_Q81II2,QTDIKLKKKLREVVVKIDCV
UniRef50_B9KI89,KRCDNNVETSWQNSRKSVMALVSRLLR
UniRef50_Q49WX1,EEDDELEAPPEENEQQERQQPKQQAQSQNQFTEQPRNVNSERPRSIQSVPKKQSTRLQQSSGERKYQMNNTTSKNNARNVVNMNNQEQENYDFTQESSKMCLFEPRVFSDTQDIADELKNRRATLVNLQRIDKVSAKRIIDFLSGTVYAIGGDIQRVGSDIFLCTPDNVEVAGSI
UniRef50_Q1WTK0,EDVTYEVSEGTTIDLLQKAFAKLMARKKVKKIKKIKRKIIPERYTIKEEIENIEHTLKMHKGTMNFTDLFDFDGEVEVEKVVTSFLALLELVRVG
UniRef50_P87299,SKDSNQIQELENLL
UniRef50_B0R8D2,EARQLIAVFETETDATAVDCLPDDDRVVYVVTAGEMGAAIGDGGSRVDALEATLGRSVVLVEDAP
UniRef50_O32271,LVQSIVQKASKGRYSFDVVSNPEFLREGSAIHDTMNMER
UniRef50_Q8R977,ESDEFIYHELLVHPAMRVHPSPKRVLICGVGEGKSVREVLKYPTVKEVI
UniRef50_Q99210,KFCYEDDEPVNVVTAVTLIKWYGRENFELV
UniRef50_Q02979,EITRLQEDIYRAHNKNSYDEGRPPTKMRDSSNSAQNYL
UniRef50_Q755A0,SDVLKQAISISNSVSTEDVEHYCLFTTSGNPGMSKKDADSKQAVFK
UniRef50_P55977,EIYITLALAPAKILSVEIKKIPIEELNAEEKESIQERFIVNNHLQKAKVRLLDIEKSKAIGKGGVNVCLASMLTGYHI
UniRef50_Q2RFJ0,SQNKKVAFLKKAVATLGLQGIECL
UniRef50_Q920P3,LESQRSCVCHGSTTLCQRPIPCIIG
UniRef50_Q9XYF4,EGPCVSKLRNEPLGALTPYVGVVDGPEVKKS
UniRef50_P39683,MGVASISEDYLHAN
UniRef50_Q757C7,GGRNFLFGRFTDSEPQLQDTDLFVLDSCILLW
UniRef50_A8YUY2,QIEKVITETLKKYGLENAKVKATDKGALD
UniRef50_Q0VSN1,ASVAGPEADETIAYYLKEAIRCEPHFYYSCQ
UniRef50_Q9JIT1,VLLSCSHVFHRACLQAFEKFTNKKTCPLCRKNQYQTRVIHDGARLFRVK
UniRef50_O51759,AKHYGLEFINYTFHDIAREHNIPFS
UniRef50_Q9UTG8,MVQQIETLAAK
UniRef50_Q1D0S0,SAQECPLDKLGRLLIPPTLRSYAGLEKEVVWAGMVKVIELWSREGWAKAQ
UniRef50_Q9I452,GSGVTACHNLFALSLAGFPLPRLYAGSWS
UniRef50_P91416,VFPPKKITTTQLGQLAGVQYYKVDLDDTASMKK
UniRef50_Q9NQ48,KDFIKAQDLSNLENTVAALKSEFQKTLNDKTENQKSLEENLATAKHDLLRVQEQLHMAEKEL
UniRef50_Q3Z876,GVTGSEANAELITLALETLSRLGFEDVELRLSH
UniRef50_P37370,SSEVPAGGLPFLAEINARRSERGAVEGVSSTK
UniRef50_Q9HLB6,LKKASKLDFTIVLCVENAEEAKYFREYEPDFIAYEPRDLIGGDVSVSTAKP
UniRef50_Q11VN0,SSQANTRIYRSEHGKTCKQTITGTVGENALVVFMGDPVVPHQKSIFEQHLFWKLEKNAVLLVIDWFEAGRILNGERFAFDSFFTELKIESNGVPIVWDRFKMDPSQNNMNSPGAFL
UniRef50_Q8KDE3,SGYSGAELVKLLMK
UniRef50_Q47VG7,VVFNGEILGKPDNEENCIDTLSLL
UniRef50_P35270,VLNYAPGPLDTDMQQ
UniRef50_Q2FQU2,SNHLKVPKPEASTIQIPFQIHQDIRVIVIGASTGGPQVIQEIISNLPLGFPLP
UniRef50_P47039,IPMVNQYSPTRGRPSL
UniRef50_P55789,AQFIHLFSKFYPCEECAEDLRKRLCRNHPDTRTRACFTQWLCHLHNE
UniRef50_Q9UL40-2,AKNLKLKQQSTKVEALHQNREMIDPDKFCSLC
UniRef50_Q6BU68,TRQNDDIVQSFYANDIV
UniRef50_P63300,FFEVTVAGKLVH
UniRef50_Q9SLJ2,HIGGGNKEGEHKKEEEHKKHVDEHKSGEHK
UniRef50_Q8SQY3,ISSLALLKMLKHGRAGIPLEVMGLMLGEFVDEYTVKVVD
UniRef50_Q9C0X3,LHYKTFRILTIIQSWS
UniRef50_P57649,KKKILISTKKKPLTI
UniRef50_P45370,AEAIDTGVSPKQA
UniRef50_Q04206,PSRSSASVPKPAPQPYPFTSSLSTIN
UniRef50_B9LPF8,AGIDYEVRVDGSRYAGGHADGVLVATP
UniRef50_Q10303,LDLSRNLFHEFFPILKLCSQL
UniRef50_P39639,MTVEGCTVEMKFGT
UniRef50_L8B068,TSGAGVAARRPYDAPAWAEDSVIYEI
UniRef50_Q9HIY2,DYSVGIESGIIYESFSKKYYDVHYCVVIDRFGNVT
UniRef50_Q22X38,KTTKKVALKFDCTTCKTKRVIPI
UniRef50_Q97GH8,TKVNSEFIKELLKGGQVPVIAPIGCDNKGNVYNINADYAAAFISSALDAEKLII
UniRef50_Q4P804,GDSEYQSIPLSKIEDFG
UniRef50_Q9RRJ4,ESMDRAVRAGWEALGGAGGTGTVLLAPVGTSFDQFRDYQ
UniRef50_P17709,MIINVEWGSFDNELKHLPTTKYDVVI
UniRef50_P0CN23,DDEDDGGSVDTPLSNTSPDPAYPVVVGS
UniRef50_Q6YQR9,DEIAATIILQNYLDYIKLHT
UniRef50_Q0WQE7,MLGAFSLLKVIESELQGY
UniRef50_Q9LHH7,IAHTIRSEIAEEVRGLSEKHG
UniRef50_Q06065,IRMPEMDGIKALKEMRSHETRTPVILMTAYAEVETAVEALRCGAF
UniRef50_Q9JXE3,DEKHEGLSESAQNIMKILTAELPTKQAAELAAKITGEGKKALYDLALSWK
UniRef50_A5FC30,FDRSQLSSHPLMRKWWNHM
UniRef50_O13612,IWLEYFEVSLRKNDVDHFRPGYWILDTN
UniRef50_P24867,IASDLSSATLVDSCNDLRRLKDVTNIANNTVANTNYVRT
UniRef50_Q05791,LPNNTMKCNEVNELYLLLNASNYIMHDLQRAFKGCVDGDDIKGLKFDLVLRQWCDMNPALEFRVFVKNAHIVGATQRDLNYYDYLDELSDTFKDLIDEIVHDVVLPKFPDKSFVLD
UniRef50_Q06178,LNQDDFQPLSAEVSSEDDDA
UniRef50_P97412,IALNHNSSLALSVVPTLTEFLAGFGDCCNQSD
UniRef50_P51957,NSGSEPSLSRQRRQKRREQ
UniRef50_Q3Z6W5,KESIFKRLRNRMGLSREQVMARIQSQATDNERLKYASIVI
UniRef50_P17221,VIAARNGHANVVEYLL
UniRef50_P34913,IEDCGHWTQMDKPT
UniRef50_P57539,ENITLSSDHWKVIIFVRKFYFKFNITPSMRML
UniRef50_A1AV41,THGRSFDVITSRAFSDLGLFV
UniRef50_O74561,GPETLKCLYDESEDNNNFTMHSESIG
UniRef50_Q55BF2,ELRSKINIYKEADAANILQQRIKKMQEHGID
UniRef50_Q3ZB98-5,PETMEAHAVADASGKNLGKGSKPKAPAA
UniRef50_O80831,KAAESRGHLFWARGPDNTGSYNSQPQGTGFFCD
UniRef50_Q8WVJ2,CGLQSRHVALSVGGREILKGKLFDSTIADEGTWTLEDRKMVRIVLTKTKRDAANCWTSLLESEYAADPWVQDQM
UniRef50_Q99598,IKTRSLISMDEINKQLIFTTED
UniRef50_Q5FS38,LFDSWAGILPPSAFRRYVIEPTRQIVEYIRARHPKTPIIGFPRLGGIMVREY
UniRef50_Q9URU2,SCIEVRTRHRLHIPWLKMPNFDFKKNQVFFGNYED
UniRef50_P20433,LESIDVLLEQTTGGNNKDLKNTMQYLTN
UniRef50_P0CN65,SMLDILIRQLAWPEDTEWEAPGNEDELDEDIAAFKNFRGSCRSFIESIAQ
UniRef50_Q0KB67,PPLIRQLKPGGRMVIPVGAQFLT
UniRef50_B5ZBV6,NAEDVFINVPLGTVVYDAITNEILADINIDQQKYLVAQGGLGGHGNTHFKSAFN
UniRef50_P57510,GQETIARIFFKKTNKYFLCFLVSTGSIFPKIGSFIETKVDSEWFKVGVLLSIVHVKCEEIYIQVV
UniRef50_Q6CFX5,TPPLEGPRRFGNVAVRDWHDKMEAQTTALLTEAFP
UniRef50_Q3A1W1,ADLRHQRIGDSIARKAIND
UniRef50_Q15XV2,HELLPHKKKFELYIALGLYKHGKTVFYRNFLAHLEESNDQFSIAPGIRGLVMAVFHLPSYGVVFKIIKDEFPESKKITRQHVKDCYKLVKMTDRVGRMADTH
UniRef50_Q7Z4T9-7,KKPPRFLQRNPIPQPRLPTPTLEMTSNEEEEMEMAVIYLQKLLRGRVVQNMMFEGKEKRLELIQELRTCHALQEDEKLVKKAEKQVTLALQRQRNLHEHKVSLVENHLAGLEGRALADMFDFLSKE
UniRef50_Q10205,KFKPGPPSDLAQVVSQELHQTLQQSNLINLQSLCIFEKKAAWVLYADIICL
UniRef50_O14118,VDPPEFSDIVF
UniRef50_Q15653,LCVAERRGHTALHLACRV
UniRef50_Q96HR8,VAAGTPAPQPQPPAESPACGDC
UniRef50_A0LHL6,KVDRIVRQVWDLTEPVIRAEGMEIIEIEYRRESPGWVLRVFVDQEGGVSVDDCARISRVVGDLLDVADIIHYPYHLEVSSPGLNRPLRKREQFAKVVGKVIEVKTLVPFGTRRNFKGILK
UniRef50_Q54XP2,YMNLQLAATEEWIDGANKGPLGE
UniRef50_P0AD02,WRQKKMALEKHQYYDQAELDQLIHGSSSNEQDPRRLPKGLTPQTLRTLCQWIDAHQDYEFSTDEL
UniRef50_Q9UI46,PAAGAAEKVTEEELMTPKQPKERKLTNQFNFSERAS
UniRef50_Q3B192,VCDDGSGNAMTAVVDRFVEELRA
UniRef50_Q3IJ55,ITNEYDLEVSS
UniRef50_Q9UTI1,TFNHPIFHPENRSRNEQASANRTNIP
UniRef50_Q7Z995,VKRNTIFGMLVGFSLPLYLARNKK
UniRef50_Q8D2T4,FPNKINISIMNILDFDLIKLKVYERGSGETQS
UniRef50_A7TGQ2,KILENGHRCMDMIIKFLQREMQNNNDTAVSKGDSMKLSDRLPLV
UniRef50_P13266,INDLNSYLRENVDFAKFISLDHVLKD
UniRef50_Q0SMS3,VKLGGNIGVSPLSFFD
UniRef50_O94279,EFFTYVKAWPGSKMDHFKEIHNESGIDYREMVFFD
UniRef50_Q9UT63,RHGQVSHDVDENGVHR
UniRef50_P25888,PIQQQAIPAVLEGRDLMASAQTGT
UniRef50_C5DJ44,EIQDAKSLESGIGSSGNVNEVPKQNAKHPMDSCQNLEQSAGTTSAEKEAIRALESQSSGTSQASLAKHKSETNTSIQSSTQETAQAPTVYEELGSEAERSKSHA
UniRef50_P53294,LSDLELWLHAWKYEEI
UniRef50_Q5L0U1,ISCPNVKKGGIAFGTVPDVAAELTRL
UniRef50_Q9UTA9,ITEWLNDEFSVNETSTILELGAGSGKLTPRIIAS
UniRef50_P24521,NLAQVAHCQAQGKIGSGFDVAAAAYGSIRYRRFPPALISNLP
UniRef50_Q9W4X7,IAKCRICNGEHWSVNCPYKGTAMDTNMMEKKASAAAAAAVDAPKS
UniRef50_P32504,EGPLQMSQLDTT
UniRef50_P47513,KSSLPFIYSGKAIAD
UniRef50_P29366,QTSNFASTNQDNTLTG
UniRef50_G4RK16,DAVLIPERPASWDSVAKRVKEAYNERRWALVVVSE
UniRef50_B1Y785,KDSLEAAIVSHAAGKGSPEQ
UniRef50_Q9P805,ASHVAVYQFDVGSQK
UniRef50_O59706,INLSNVQHISYLEYLKNLEDFDQIPK
UniRef50_Q9W032,EYYIFPKIPDNVQDEGALRKLMLQIRNEISA
UniRef50_Q9EVR0,MGEIVKRTKEAMIIMITNPLDVATYVVSTQFDYPRNLILGTGTMLETYRFRRILADKYQVDPKNINGYVLGEHGNAAFVAWSTTGCAGFPIDDLDEYFHRTEKLSHEAVEQELVQVAYDVINKKGFTNTGIAMAACRFIKSVLYDEHTILPCSAVLEGEYGIKDVALSIPRM
UniRef50_Q9PLG1,ICWYNGDCSRLRSCLVGHTFGF
UniRef50_O48646,KYKGHGFEILAFPC
UniRef50_P9WGI9,RYYGGCEHVDVVENLARDRAKALFGAEFANVQPHSGAQ
UniRef50_Q7Q9F6,LPNVPAPGKTGSERTTKTKNKENINRTAAVAAA
UniRef50_Q9AV97,IESEEHILRMAKHIK
UniRef50_Q6C3S1,KKALDAHKEAA
UniRef50_A8F3M5,KVLIAEEIKMISPKYHQKLLSIFPK
UniRef50_Q8R2K1,LADANFPTSSICQCGPVEIRA
UniRef50_Q59R35,QYKSTDNSIDMNYYGFYDEEEDEYLDDSEAQLGDPLVVYEEKRTKELNDAEIQQQDTENLEQIRMSFNDIPTNEVVTK
UniRef50_O74349,SNFSTIYEPPDLSGL
UniRef50_Q8TKQ5,VEPEDAIETIEEVLYGFSYL
UniRef50_Q73NS2,FAEYKNFKLFIKIVKALFSSRRKNIKNNLGSWMKSNGYGDKI
UniRef50_Q96CT7,EDAYWKDDDKHVMRKEQRKEEKEKRRLDQLERKKETQRLLEEEDSKLKGGKAPRVATS
UniRef50_Q8THF6,LRTYSGELSRANEELRSVNMMKTEFVEEMMFPEKAEYGEIMDYETLYAIDSQQQKAVNTFIH
UniRef50_P02509,DSGISEVRSEKDRFMINLNVKHFSPEELSVKIVDDYVEIHGKHAERQEDQGRVSREFHRTYHLPSNLNESA
UniRef50_Q8SRB9,NETSKVIEYIVPGPDKVIFVSRGKARGRVGVINTISTQGKETVY
UniRef50_P38979,FAKYTDTTPIAGRFTPGAFTNQIQPAFREPRLLVVTDPNT
UniRef50_Q9Z6M1,FLNLPFYDLDDLIVSNYSSALYSSSAEIYKAYGDQKFSECEARILETLPPEDALISLGGGTLMY
UniRef50_O42998,DPDFDDVSLLDQFQAQISSAF
UniRef50_P56715,KNERINTKGRITKEMIVQDSDSPLKGGIL
UniRef50_O74955,TGEIMRFLVTNGSKFSVQQLTQQVKFLRGLHKNCSEIEHLPSKVKSELQQKLSVMEN
UniRef50_A7EB95,FAREWWGEDGIWKFEVPGEKEGKDVVFPDVAAAHPLLKKWE
UniRef50_Q6CBZ0,APHYLSASRQRQLLSHQ
UniRef50_Q10113,EEAQMTDLKDSETQRVPSAPDFVHARLQSLEV
UniRef50_Q91ZF2,QALVTHGPIAVAIDGSHASFHSYRGGIYHEPK
UniRef50_A8QBB1,VMDDDLIDEDTLLKD
UniRef50_Q9CMB5,AFGEVNVCVLAES
UniRef50_O74793,NIVHGGFITTMLDEALAF
UniRef50_Q6KH82,NIENLGIQKTFETIEK
UniRef50_O77460,FWQNLVHQSPASG
UniRef50_Q5ZJU5,PSMATAEKKQPKRTSTKSARAKCDPHPVGQKIPL
UniRef50_A7Z6J7,SEELTFEEAMKGLEGIVAKLEEGDVPLEQAINYFQEGM
UniRef50_Q54K81,QLLGIETIKLLQASRFAASRPGEGEGE
UniRef50_Q96BW1,PEQLRPGDLILDHAGGN
UniRef50_Q67LA5,GIDDVVIEVEGAGAGALEDPG
UniRef50_Q6DCY9,ALTSFTKEHFFEGMSKFVEGSDENFQLVQLNVNSFGEDGTTEDKCK
UniRef50_Q88C93,AQGEPQVSVGRDGRLSGPMLVEQLIKGL
UniRef50_Q9UPP2,AGGGMEDSVVAAAAVAA
UniRef50_Q92782,PGLAPGQIYTYPARCWRKKRRLNILEDPRLRPCEYKIDCEAPLKKEGGLPEGP
UniRef50_O94359,KAVDRSYAFVEFDEP
UniRef50_Q8N865,TSLNSWDPICSAKEANIQ
UniRef50_P76008,TAIQCGLLAHGNVITFSGPMLVANFGADELNAF
UniRef50_P42813,MKKSWPTLACPSGSGEAFWEHEWEKHGTCSESVIDQHEYFQTALN
UniRef50_Q8K9R7,EAFYLEIINKMNFIFSLLEE
UniRef50_Q6BQ20,EELKIDRDSTTNEKVNEPEDDESHHADVESSQEHL
UniRef50_Q9BZJ0,EFDRCRKLYEKFLEFGPENCTSW
UniRef50_Q45EK7,PRDCSEIAITKIIHKDLANNKFSDNAFEVSYYEEELLVRFYPITLD
UniRef50_Q9NQU5,LPQDPTVAKGALAGEDTGVVTHEQF
UniRef50_Q9PN51,IISANSKITPIKND
UniRef50_A4X4R3,LVLVSENSSSYGKDLGDPRALEKLLP
UniRef50_B8GSS3,RAFLDWGCFHTDPAYHDHWRRY
UniRef50_Q7N1V4,GIVINEEPKFLY
UniRef50_Q9BVS4,LGRTSFRNLKNKRDYHKHRHNVSWLYLSRLSAMKEFAYMKALYERKFPVPKPIDYNRHAVVMEL
UniRef50_Q7Z2B8,EFGSNNQMGVDGLFNYLGRKVVDD
UniRef50_Q74NK2,ALGDPIATKFVAMYYKK
UniRef50_Q894P6,GVYSDFGANKEVLQDLIMFYSSTEKKLVTLDEYVSRMKDDQKYIY
UniRef50_Q5P7B0,AIRDAVSVDGTRKWLLDVGSANAVEAVFIP
UniRef50_Q8NRI0,DQMPLWNPNKPLGGNTVSELENAKVLLWH
UniRef50_P42674,GRVATPNYPNNYDND
UniRef50_Q758Y4,QWSPSPQMNSAQPMFDYLNDITRPRSAEPSRLRNGHT
UniRef50_Q1AVY0,SYGNGGRTGEPSPAVRRLGRSERSSAFGTSLGDLFGSEGPERGRYAHNPPHLRAVPDQR
UniRef50_D5U396,IISDLVGVVNVSGEDIQVIPLEGVYIPRKDDLVIGIVENVGVTAWTLDIRSPYPGVLNASEVIEGFNPLIHNLRNYLDTGDFVIGR
UniRef50_P33892,ASIKVLINALVIAQ
UniRef50_P46869,GKAGGKDITDIGS
UniRef50_O06978,PFFDGFYWCRQIRTISNAPIIFIS
UniRef50_Q9F1N2,PVDLYILELSSFQLETTHSLNCISATCLNISEDHMDRYSDLEAYRQAKLALYDQSKRALFNREDSLTQPNDPMNQNSFGLTSPVNDEWGVKDGKIVHGTTEIASLQDVAIVGSHNHANLIAAMALAYHAGI
UniRef50_Q74ZH9,GRAVALLDSAPTSVGPNRRSIAEAITIP
UniRef50_P23394,QKVTKIWSKESNYDCKVISIVGGHSLE
UniRef50_Q9RTA0,LILTRGMEGCLYAFPLPGWKRVEEQLEGLPLTDAGSRAFVRFFYSGASKARLDNQSRVSIPQTLRAFAGLDSDVIVAGAPGRLEFWNPQ
UniRef50_Q80X56,IESMEKGMKTIVPRQLIAKKLSLGRFKGPIQYIIWKEMQAILSPGPSQLTLDPK
UniRef50_Q04323,SEEERQEQTKRMLELVAQKQREREEREE
UniRef50_Q09065,ATSYGVFAASLGIELKKALRHYLYAQ
UniRef50_Q9DBL9,SGETAFKNMTIPYGWAKRPMLQRI
UniRef50_D5MCN2,KVVSGQAEDASSPSQQ
UniRef50_Q86Y13,MIQENEICENFMSLVYFGRGLLRCAQKR
UniRef50_P78358,AARASGPGGGAPRGPHGGAASGLNGCCRCGARG
UniRef50_P60549,ADFEQKIKEGFFVEWAKVH
UniRef50_Q96T76,TPPPNDPHGIQREDLILSLRAVLASTPRFAEF
UniRef50_Q6AJZ3,AADCGCAARDMAHEPGNGWTPKHFSRYAKK
UniRef50_Q8W5S1,TQVEVDASGSLTYPKDKVGS
UniRef50_Q1MA75,ARRIAGRKSAEIETILGYPGRAAMVHRDDMVMT
UniRef50_P0A2Y2,KIDLVEFLSHHLEGVARAEFTLVLHTKLGEASVLANIVDVNKD
UniRef50_Q83AC1,LNIDLIVVGTHGHHGLDKLLGSRANAILHVA
UniRef50_O36019,LERWIVNLDGEALSTPLELAVLYKKLVV
UniRef50_D4A8G3,GSPERSRRGSWDSLPDTSSTD
UniRef50_P29904,GANGIINKDSPPAEICAAFTEVARGGNYVDSRLAMQIALLNVSRPGTSAP
UniRef50_Q9UIA9,AASVPYVKATEPHMLETYTPEVTKAYITS
UniRef50_D1ZJC1,INNIEQIKGFGRGFGKSGNLGYHDTLRIPVIENTAHEEDLTEFLEEAMDKYPDTYAVLVRRHGVYVWGENVH
UniRef50_Q9HGN1,EEDPEASDISFQY
UniRef50_O70263,RLLPGDIILKVNGMDISNVPHNYAVRLLR
UniRef50_B3PIL7,WRESRMDQWDGYSRLAQVQKITNL
UniRef50_Q9PF89,DKFELWSEQAHHALIQQTLSDGDLG
UniRef50_O66878,ELFEKSGVITGGAVKPSGELNKRYYEEELQRLNAEE
UniRef50_Q9HS81,APDGAVVGYALQSRQYP
UniRef50_Q49MI3,RKPLFAIHWSVQRLFTGMQTLEPSV
UniRef50_Q9Y6W6,EIIVYDENTNEPSRV
UniRef50_Q2LKU9,LELCYRSPGESQLFSEIDIGHMDSEIKLQIKDK
UniRef50_O66667,DSWVNNLSLEDYGEYVYPYVNYLISELKDFSDTPVIYFFRGSSSFIDLAVDYRADALSVDWSVDIPELFKIYDKGFQGNLEPAVLYASEEVIEEKTLGLLRR
UniRef50_A0KEQ6,LIEPLGFEWDDKRVKRA
UniRef50_P00374,SQNMGIGKNGDLPWPPLRNEFRYFQRMTTTSSVEGKQNLVIMGKKTWFSIP
UniRef50_Q8WQG9,LMSLVNHKNIIGILNCFT
UniRef50_B1MP28,EARAFLRNLAAATDEQHPDAQGRI
UniRef50_P9WJB6,APYLSQLRSGNRTNPSGATMAALANFFRIKAAYFTDDEYYEKLDKE
UniRef50_O08672,RQQLEQQEEELSRLRLGVGVTDSEKRVQHLTLENEALKQSLSLT
UniRef50_Q9Y7U7,INVGMNVAAISALDNAMYRGRVLRCDRENQAADVLLYDYGSVEQIPFKNISSLPDTYTKLKPQAQLARLSYVQLPPPSSDYYEDA
UniRef50_O08918,SKCLAEYSSPRCCKPDLKKLVWIVSRRTAQNLHS
UniRef50_Q22031,AFNITSHVLKEGGNFLAKIFRSRN
UniRef50_Q6CCV4,APSTNGTNPAATVNL
UniRef50_Q12988,GKSHFQILLDVVQ
UniRef50_P32357,MRYGYWFDCRMGNFYIQYDPKDGLYKMMEERDG
UniRef50_O94916,RHTVLYISPPPEDLLDNSRMSCQD
UniRef50_Q6YQU7,INTNDFKTGQTIKFNNQIYQILEFLHVKPGKGAA
UniRef50_O94338,VHIAPLPSSCDIDFKDYSTSAFHLHFSPLTPNHASTEAVSNFKQSSTIPSISKSNLTNPPLESEKSSDKALLTRPATSRRRCCHPT
UniRef50_O14082,TEYASSYANTREFYSADEYLEYLDSHPEEKPDAYIIGIPPETHGSTQKGADLELAILKRFPDASLF
UniRef50_C5D754,FAKFNGKYFFEIA
UniRef50_Q8XW28,RSSAQVPGSHLAGRWILTAGLGGMGGAQPLAATLAGAVSLTIECQQSSIDFRLRTRYLD
UniRef50_Q86BY9,SSEDCGGEFVGLEKPAGAAVLDFVEA
UniRef50_Q9H9F9,EKGGEYLKEHCASNIYVPIR
UniRef50_P06626,RNIILWQFYDAAHVRHKDSYNQKT
UniRef50_Q65R92,ELSAEQSQAVKKQV
UniRef50_Q8XBA4,PSDKHLQSWYCRQLRSALLFHEPRIAALQVNLK
UniRef50_Q9Z8U7,AYLGIDYGKKRIGLAYAA
UniRef50_C5CEB5,KDYIVEFRFKDKKIV
UniRef50_Q9LHN9,VVVEDGKFFYKHSGEILQTSDMEDSESKWIFVLSTSKVLYVGKKK
UniRef50_C1DBX3,VVTQNIDGLHQRAGSPHVIEAHGSVERLVCPAC
UniRef50_Q1ZXQ8,AEIRSLADNLLSILCTQ
UniRef50_P96126,GQILTSEGYEVADTAVDGVDGVEKYKAMSPGVDLVTMDITMPKMDGITALEKILEFDK
UniRef50_P32356,FDNVSPFKKTGFGKLQQTRRGSEDDTYSSSQGNRRFFIED
UniRef50_Q9NZD2,ALMWLKRGLRFIQVFLQSICDGERDENHP
UniRef50_O04350,SRMMIPDCHKRLESALAD
UniRef50_Q8K4T4,EAELRHRFRLEEA
UniRef50_O84078,SLDPSFSGDYIIPIKAV
UniRef50_Q9GZH3,YRGMGSLDAMEAHASSQDRYFTAESDQIKVAQG
UniRef50_O13563,VGRELDPISLIL
UniRef50_P57075,QLARAIPLGHSCQWTAALYSRDMRFVHYQTLRALFQYKP
UniRef50_P50461,TCFRCAICGKSLESTNVTDK
UniRef50_Q6BNW4,LYPWRDFETNKELPIYKRDEDEMDEDSSGDF
UniRef50_O31844,VNGIAEKLNLLQSTVSHQLRFLKNL
UniRef50_P41812,DTAIIRLHPSIYTQVFNILLQHKEKLTVQDCRYSLASVTL
UniRef50_Q9LMH0,IARAAGIRYCVVYCD
UniRef50_Q9WYC5,EGIAEKMDPEELANIPGVIVEKDPH
UniRef50_Q01NF9,WLKTHRASIVTARAVAPLTRAVGLFAHALRAGARILLYKGPDAEA
UniRef50_O83986,RGVSHADAEGALD
UniRef50_Q7Q566,DLKTAMETLGITPMSTGNGIDGMHPTTKEEFTELAEAISKKLANYRASTEYQGFLEELLLKLFA
UniRef50_Q8LBS4,SVKAMSSSSSSSGSTLEETVKTTVAENPVVVYSKTWCSYSSQVKSLFKSLQVE
UniRef50_P14899,KFWIEKGVDGFRLDAAKHIYDDDSKNIQWWKEFY
UniRef50_Q9LX30,SPSDRPSATELLKHAF
UniRef50_Q13191-3,GTEPIIVDPFDPRDEGSRCCSIIDPFG
UniRef50_Q9P3U1,DPHLGNGQKYTQQERRVY
UniRef50_B2J4Q8,GPKALAAILSRLPANFGAAIAIVQHVDMQFSAGLVDWLNQQTALTVQLATVGDRFEKGIVLVAGTNDHLSLHSDLTLHYTKEPID
UniRef50_P49954,YSTDQFRKYSEVINPKEPSTSVQFLSNLA
UniRef50_Q0VP64,QGVDVSASAVTASTESLARNGLQGRIMGGDLFSPIQGRVDMVVTNPPFHDRRQRTTDITR
UniRef50_P20052,ITLCSIEQKQKKFVIDKNALGSL
UniRef50_O74325,SVVHQDVGGKDY
UniRef50_A8CVF3,GTHGGGIAPGATDAGLAGGGGGHR
UniRef50_P27515,VYLATEVGIRRILNAFDNKVNIFAGMI
UniRef50_Q59W62,SPYKSPYRSPYRSPYKSPSKRYSYNQSPTKSPYGRRSNS
UniRef50_Q9I7H9,EENTLDLVYYLNAAEG
UniRef50_Q13126-5,LKEEGCTHVIVTTACGSLREE
UniRef50_Q12362,EPHRRYMEMAVKEA
UniRef50_Q118E6,EKVGILPLEEVQIVNLNNGQRWLTYVLPGQAGSGMVCPNGGAAL
UniRef50_E0RTD9,TSREKPFKPDPGEKDSEAGSRKVE
UniRef50_B7XMD2,STWRVFVNAVTKKKNPDSLK
UniRef50_Q93XK2,LVLGGEQMSGRLHRFDECYKFRKYESGLLLGPNSPPYDPNNFTDLILKGIEHEKLRKKREEAISSKS
UniRef50_P15518,IQEEIDREKAE
UniRef50_O43137,IQTVLSEDKSHGYVL
UniRef50_Q9Z2S7-4,RQLQEKLVFENLNTDKLNNIMRQDSMEPVV
UniRef50_Q9Y7J5,ATSLAVIQGMWDTLIDADF
UniRef50_P57444,VLLNNNILHIMLDLSGEPLNKRGYRQFYNTTP
UniRef50_Q9HCJ3,QTTITAGMGMLPFFPNQHIAGQAGPGHSNTQEKQPATVGMAEGNFSG
UniRef50_Q9PAP4,AFEGPLDLLLYLIRRQNLNILDIPVAEITRQYVDYIN
UniRef50_O28911,AVELSFRAMRGDKSVVREISRIEQQTDVLDTDINYACTTF
UniRef50_P39976,KGSISAEHGIGFHKK
UniRef50_P43038,KNISIISNTPYYITSEILFKTL
UniRef50_Q96JM3,AVPPVSPELRKPGPPLSPEIR
UniRef50_Q95M17,FTGTFCNQGKFPLINTLKDALGLKSATCNASTQSSEPN
UniRef50_Q89B11,VQCPKINEGVIIGANVAILG
UniRef50_Q9UPU9,PGQFTRVMGKVCTQ
UniRef50_C5BLL7,YSGLTLPELIGDGVLSLTVDPEHGQRYQGLVPLEGDTLADCLA
UniRef50_Q0W8U9,HKKLKHEVFYPFIEVSTDFPAIACLA
UniRef50_Q2GH22,ADLSDHRVMFVSDEEMIDFNHRTLNKNLYAK
UniRef50_A1Z6K7,PLHLLVDAALKNQRLS
UniRef50_P56397,FPKSSNLFYALNLTPPCAVKIILLGQDPYHSTYLENDQELPV
UniRef50_B2GKR8,LDRDDPVPGPPYELEVSSPGATRTLETPR
UniRef50_O14137,VDNDRWKGVPFVFVS
UniRef50_Q9P799,INKNEAYIAKFFEIFSKNDKIRFHG
UniRef50_P20582,RPMFEHASQTLVRIAGEM
UniRef50_Q9UU87,PGGKLASVDHGISFD
UniRef50_F2NV13,KSYSEEHPELQNNEVLEFYGDEILDFFVTKMMYKRFSRILNNELVSEK
UniRef50_P42244,EYFDDQNIINVHMRRLREKIEDDP
UniRef50_Q03690,NHTHSAQSRQWVNGLSSLIMDLKQKKQLAQDQMSTTGS
UniRef50_Q09728,EEAAVYGPPVYRSGYQILYN
UniRef50_P77790,KDAITALAKSISIAQLS
UniRef50_Q5UYV3,EGLDLIPGKNVRFSRDQTVP
UniRef50_Q661J3,IFAEDTRVTIKLLSRYKINKKMISCNAVTENKKIRLLLDYLAKGDSVAF
UniRef50_Q53F19,SDDDEAEEGEVEDENSSDVELDTLSQVEEESLLRNDLRP
UniRef50_Q9Y4F5,LNSRDFDQNMNDSCEDALANKTRPRN
UniRef50_Q8BXG3,NEISRTLEKIGSREKYINNQLEHLVQEYRGAQAQLSEARERYQQGNGGVTERTRLLSEVTEELEKVKQEMEEKGSSMTDGTPLVKIKQSLTKLKQETVQMDI
UniRef50_Q117Z6,SDLEVLSQKLENLEAANCPDLLLGSSILPNNKGLLLRALASKTPQIKKYIKYA
UniRef50_P72943,GVVRRQRTLDCLIEQLGDRPIGKQPPDLRRIVQLGLYQL
UniRef50_Q8TD19,LHRDIKTLNIFLTKANLIKLGDYGLAKKLNSEYSMAETLVGTPYYMSPELCQG
UniRef50_A5DLJ8,KIDKKSILDLFRTFSSNQQGGQPTHHSPA
UniRef50_Q54YY1,SKTFNNISLLAQNSLEIISKLLFECVDLHPSFSFFLL
UniRef50_Q54FB9,KHQVECQFRFEKCPFTGCDKILRLKQIAEH
UniRef50_Q6PHR2,LIMEFCAGGDLSRFIHTRRILPEKVARVFMQQLASA
UniRef50_Q9PNQ6,LSLRILVNEYNFSRSERRVVNKNINTKVILRTPNLSNEHLFLYDKYH
UniRef50_Q8A1D3,HDKQVHHTHEGSIGNLCNDEIS
UniRef50_Q1MTN3,LRKKKPLTDNGATSRHMLKSGLTRVTS
UniRef50_O58263,LAKAEVQTVRETLENLKKIEEEKPEILVPIGA
UniRef50_O14032,LLLENECMFDCFDGVAISILCK
UniRef50_B1GZY8,ISFLVVPEFFMGDIYISKTRSQEQAKEYSNTWQQELAY
UniRef50_P59490,SSHNGHNGIRNVLAVLGTNIKFLRIQIGIGR
UniRef50_Q9NUW8,DKREAKAHLHAQAKPYENISLCQAKLDIAFGTHHTKMMLLLYEEGLRVVIHTSN
UniRef50_Q99216,YPPLVEHLKLQVRMN
UniRef50_A8IF44,FAVTMLCMDPAFEAQAIEFLTPAFAAYTDKLYCVVTLPHDSREPA
UniRef50_O94653,IDQSTDIVKKLKLTGVPY
UniRef50_A6Q573,ARKILQKQSGNKVDIITCMIYKDK
UniRef50_Q86DC6,ISRIRGEIKRILALRDKERNGFSRSQTAAQDLLKKLNATISTHEIAIREEINKARRDSTDKNREFFHRELHMSMKEIRDQFESDSKKARKTWEEWYKKKI
UniRef50_Q9KPK4,IISQSVPSFDDWYWVMAYPGIKVSTAEARAILPAQYRRQDIVAHGRYLAGFIHACHTQQ
UniRef50_A8Z660,VIEILGKNETKLKIAI
UniRef50_Q8K9P0,KKSKKIAGVILEPIV
UniRef50_Q75AS3,QGAEEEVPLDPSSSI
UniRef50_Q3B820,NPPVPTVSSRGREQAVRKSEKE
UniRef50_P47593,DLPKHRIEEILIFLKTYKLLQKKTVIIKGLKDVCWAKKE
UniRef50_O94560,SLSSDGTVRGWKYTGEQLFKIR
UniRef50_Q9C0I1,LTQSKSSPKRGFFREETD
UniRef50_Q89AP1,TSSKMDHCVHMFVNQLNTLRSSRASPSILDTILIDYLGQKIQLK
UniRef50_Q1GAK5,YVTTDYFLQYFGYKSL
UniRef50_P42232,FNRENLPGRNYTF
UniRef50_Q58064,EGKTVLVPVGSIAQVEMKVEKMDKVVVSVGQNIS
UniRef50_A5DQA8,ISITSNKSTSNASLAAVLRNPRSSFSIPIAGSIGTGAPVTGGFPRSVSSSHGYGYEDSDSAANTPRFSSSFGSRASRRFS
UniRef50_Q5P5G3,EFYCPGCTRQIETEYLPPGHPITVDIEVDID
UniRef50_Q556N5,NEVLHSAQFLQSIETLDYAIHEGHGPEIVSLLGYEP
UniRef50_P40646,GDKSSESRIRRPMNAFMVWAKDER
UniRef50_Q9UMX1,LQERVDKGIETDGSNLSGVSA
UniRef50_Q9UBK8,GLWPALRKHFR
UniRef50_Q8SS72,PLKRISIAISNLSAGIRNASFRNRITLAEA
UniRef50_Q06411,TVFEHSLPTEIELSEIRKSYNIFAMSHRYHLDKSTLDED
UniRef50_Q9PNB8,IKRNTDTIIQLEKRLQNA
UniRef50_A0CC46,YNEVLQQLLPKNVQAPQGYEIIGKIAHFNLSLEQLPYKY
UniRef50_B3LJT5,PSGNGLSVGTGHEFPI
UniRef50_Q5YSC3,PDPGTDRAIAAD
UniRef50_P47979,SQTSFPFVHGQPESTMSRK
UniRef50_O00764,LVYVCDPVLGDKWDGEGSMYVPEDLLPVYKEK
UniRef50_A7TDL7,SQYKSKEQKRTVKRRK
UniRef50_P40763,DKDSGDVAALRGSRKFNILGTNTKVMNMEESNNGSLSAEFKHLTLREQRCG
UniRef50_Q0UQJ8,AQNGNVTVEAIISNVSYNNRILQH
UniRef50_Q5SW96,AFSRLAQSRTNPQ
UniRef50_B8DP81,FRPRVAMLLNISENHLDYHADMAEYIDAKFRLFRCMEEGDLAIFGQGVRDLVAARDLKPRTLFFDAAA
UniRef50_Q4FVQ6,IIGDHTVMFIADGEVVEITHRARARMTF
UniRef50_Q07527,SVNNANISCDTSPLQTKSGAWETVLDL
UniRef50_O15021,EGSSPKHQDHTTD
UniRef50_P33447,AYGIGMHFYNCR
UniRef50_Q10218,KLELLTDAYNREKRRARSLEERMS
UniRef50_P25369,LYQLGQTVKQRYSKSSRSRRSGGGSGGRSNFMDDSADDTLYQSNSLTSADR
UniRef50_Q9VUB4,QGQLQGFADEVLSALFAVKPQLCNQKFELKLN
UniRef50_Q54PQ8,VTFLRNILDCLRDACYEIVGYGFNHSD
UniRef50_O07938,DALWDCLTGWVDLPLTLVLKNFEF
UniRef50_Q8YN70,NEYSFLSSSVVKEIARFGGSVDHLVP
UniRef50_Q54JQ2,CLFYSSTKFKGKTTEIEPHYKIKFNKRYIEQSDFDKWKSFPKNTNLFLPKENPFLPIDTTIKAPQDHSIHIPKEVYNNNGVKVYHSLDHRFNSPKARVNIRFELTSYGNNQSMVMWN
UniRef50_O93798,CQITIAKVDENGRAIQGENIIYALSGFVRAMGESDDSLNRLAQRDGL
UniRef50_Q47KH3,DVRRALELAEYVGAKVE
UniRef50_A0R006,PIGKRGYNEDEVDAFLDLVENELTRLIEENADLRQRVAELDQELAA
UniRef50_Q4PI64,AASAIAKAPSADVQSELDRAALEALELDSDVITSVRLDGLALTKIVKHCR
UniRef50_O76041,RSMQHSPNLRTYRAMYDYSAQDEDEVSFRDG
UniRef50_Q9UTR1,EKLLYKQRFYASVSPKILEHISTATGG
UniRef50_P23186,YLQQISDNIFVYYARERVSNSLVWYT
UniRef50_Q9UTC5,FYSLVRLMKKITDRELYAPSFDHAIGDPVVDDICVEPKNRILIFEGNYLLLNKPPWSDACKLYDIKAYLPVE
UniRef50_Q2RRX2,VMVARNGIEALAGLESFDPDVITLDINMPEMDGLT
UniRef50_Q12317,YDRLKSDCREGAVSGKDMEAIERDLYRTFPDNIHFHKESF
UniRef50_P56544,CMNSSRGTVKGYIEGRPAEMDVMK
UniRef50_P14174,PPQYIAVHVVPDQLMAFGGSSEPCALCSLHSIGKIGGA
UniRef50_Q4P5R8,IQALMDGTADLRTFRRLARLSSEFGISATKAADERTEQDDEMVLERGPFSN
UniRef50_Q4JXF0,AFASGKGNRVILFGSRTGLDGIGGVSVLASDTFEEGAERKLPAVQVGDP
UniRef50_Q4L525,TPEMGAVACRAD
UniRef50_Q03336,GMCIDVEGKLWVACYNGGRVIRLDPETGKRLQTVKLP
UniRef50_Q7VE08,DCILMQPNLTCP
UniRef50_D2XV59,STKKGPLSKREEGGPSGVPAAGPPSTGDEASSLGTTQAA
UniRef50_P0CK98,SQEVQALRDKEKNVTA
UniRef50_Q987N5,ESLGVRFPIGVDRRIKGAGDVGEHKTSMLQDLERGRPMEIDALVSAVQ
UniRef50_Q9NZD8,DVFDQSALSTEAKEEMYKLYPNARRAHLKTGGNFPYLCRSAEVNLYVQIHLLQFHGTKYAAIDPSMVSAE
UniRef50_Q6S004,PPMSPPKIDFVNYHRNHVDQFADILK
UniRef50_Q2RKH8,VAAGAGRLPGRRP
UniRef50_Q9C5Z1,QHSMVKLVDFSPGEKYLVTYHSQEPSNPRDASKVEIKVFDVRTGRMMRDFKGSADEFSIGGPGGVAGASWPVFRW
UniRef50_P10815,KKLKKDVDERVVSKDIPKLH
UniRef50_Q98R97,DNQHFCFKKINITKKDNVYKFDGFAISV
UniRef50_Q980I9,SSFNVPHGYAI
UniRef50_O87605,RIAVRALLERCPDLALDVSPGE
UniRef50_O51926,TSRRFEYVGKLFIKKKSIQNKSVMLINDYGHHPTELSETIKTIRKSWPKKNLI
UniRef50_Q4ZUC9,DQQYLDLQPRDAAAAL
UniRef50_O43865,TEIDVTSLRTPELTWERVRSQ
UniRef50_O25584,RAEKIKGKEGRHYR
UniRef50_Q6CRJ8,DYYPLNIQLYQNSL
UniRef50_P27695,TSPSGKPATLKICSWNVDGLRAWIKKKGLDWVKEEAPDILCLQETKCSENKLPA
UniRef50_O15604,ELDKDIVQKAGNFPLMQFKTKVKVNPKFLLKGDDMDIVDEAITYYKA
UniRef50_Q9PI04,TAKIDFRQVSFD
UniRef50_P17695,KTYCPYCKATLSTLFQELN
UniRef50_B8GYL6,ETQDAWTHVQALFETTGEDELIDPTVSTPTLLWRLFNEDGVRLLDEKPLKAFCRCSEDRI
UniRef50_O34787,AGITAESLGSAEFKQDYHLTYAYL
UniRef50_Q9NVR7,PLRSVTIEKCRNSIFVLGPV
UniRef50_P06401,SQTSDTLPEVSAIPISLDGLLFPRPCQGQDPSDEKTQDQQSLSDVEGAYSRAEATRGAGGSSSSPPEKDS
UniRef50_Q05AL2,GWAYKTVQEEDLKFPLIYG
